56,1,8,1,1,0,0,1,6642,2,2,0,75,1,40,0,0,0,3,1
38,0,26,2,1,0,1,1,8653,2,0,0,1,0,77,0,0,0,2,0
43,1,16,2,1,3,0,1,8388,0,0,0,65,2,50,0,1,0,3,2
40,0,23,3,2,2,0,0,5392,0,2,0,48,2,34,0,0,0,0,1
39,1,18,0,1,1,2,0,4413,0,0,0,38,1,40,0,0,0,0,2
20,1,3,1,1,1,0,2,5935,0,1,0,71,1,58,1,0,0,0,1
53,0,28,2,1,2,0,1,8571,2,0,0,62,1,71,0,0,0,3,2
36,0,3,2,1,1,1,3,8020,1,2,0,96,2,38,1,0,0,1,2
56,0,10,0,2,2,0,0,3992,0,3,0,78,1,73,0,0,0,0,2
54,1,31,4,0,1,1,0,8175,2,1,0,15,1,105,0,0,1,3,1
39,1,11,4,1,3,0,3,7059,3,0,0,74,1,68,0,0,0,3,1
34,1,8,1,1,3,1,0,7663,3,3,0,48,2,17,0,0,0,1,1
50,1,19,4,1,2,2,3,6728,0,1,1,16,1,93,0,0,0,2,2
37,0,26,3,2,3,1,2,6643,1,0,0,38,1,55,1,0,0,1,2
27,1,12,4,1,3,2,2,10345,1,0,0,79,2,34,1,0,0,1,1
51,0,31,3,1,3,1,4,7528,2,1,0,29,1,80,1,0,0,3,1
26,0,6,0,2,3,1,1,3273,2,3,0,49,2,27,0,0,0,3,1
25,0,12,4,1,0,2,1,10302,2,2,1,66,0,55,0,0,0,2,0
55,1,34,3,0,2,1,2,6177,0,0,1,35,2,108,0,0,0,1,0
38,0,4,1,2,1,1,1,8811,2,1,0,42,2,67,0,0,0,3,0
41,0,15,3,1,3,2,0,5670,1,2,1,76,1,34,0,0,0,1,0
18,1,6,3,1,3,0,4,6037,0,0,0,41,1,79,0,0,0,1,2
37,0,5,4,0,1,0,3,11594,2,0,0,20,0,68,0,0,0,0,1
57,0,26,1,1,0,0,3,5031,1,3,0,35,1,74,0,0,0,1,1
19,1,10,1,2,1,1,0,6320,2,3,0,92,1,38,0,0,0,3,1
29,0,1,0,1,3,0,0,3925,0,2,0,53,0,78,1,0,0,1,0
59,1,10,1,1,2,2,2,8388,0,1,0,19,0,47,1,0,1,2,1
36,0,28,3,1,1,0,0,6237,1,0,0,54,1,42,0,0,0,2,2
39,1,11,3,1,0,1,0,7056,2,2,1,79,2,15,0,0,1,1,1
30,0,14,0,2,2,1,1,5930,2,0,0,42,1,63,0,0,0,2,2
49,1,27,0,1,3,1,4,4940,2,3,0,57,1,63,0,0,0,2,0
19,1,4,4,1,1,1,3,9807,3,0,0,56,2,15,0,0,0,1,0
46,0,30,3,1,2,0,2,6500,3,2,0,1,2,41,0,0,0,1,2
32,1,23,2,1,1,0,3,7308,1,2,0,75,1,25,0,0,0,2,2
22,0,1,4,1,3,1,1,9645,2,0,1,89,1,76,0,0,0,3,1
34,1,25,3,0,1,0,1,6939,1,0,1,83,1,64,0,0,1,2,1
44,0,21,2,2,0,1,1,7944,3,0,0,29,1,36,0,1,0,2,1
52,0,32,2,2,0,2,2,8197,2,1,1,99,0,38,0,0,0,0,1
42,1,10,3,1,0,1,0,6519,3,2,0,27,2,49,1,0,0,3,2
34,0,5,4,1,0,1,1,10585,2,0,0,54,1,62,0,0,0,1,0
31,1,13,0,2,2,0,3,3472,0,3,1,26,1,31,1,0,0,1,2
22,0,3,2,0,0,0,2,8679,3,0,0,44,1,54,0,0,1,1,2
40,0,12,1,1,2,2,2,10001,3,0,0,58,1,51,0,0,0,0,3
30,1,19,0,1,3,0,3,4766,1,3,0,16,1,37,0,0,0,3,1
26,1,3,3,2,1,1,3,4249,2,0,0,26,1,47,1,0,0,2,2
18,0,9,4,2,3,0,3,8277,0,3,0,64,1,71,1,0,1,2,2
36,1,28,4,2,4,1,1,10022,1,3,0,98,1,87,0,1,0,3,0
24,1,3,4,2,0,1,3,9898,1,0,0,91,0,20,0,0,0,0,1
38,1,25,1,2,0,2,0,10903,2,0,1,29,1,63,0,0,0,1,1
55,1,34,4,2,0,0,1,7835,0,0,1,79,2,106,0,0,0,3,2
59,0,9,0,2,0,0,1,3836,2,2,0,95,0,15,1,0,0,2,2
26,1,18,2,1,0,0,1,8060,3,0,1,84,2,34,0,0,0,2,1
26,0,3,4,2,2,1,1,10854,2,0,0,81,2,15,0,1,0,1,2
32,1,8,4,0,1,2,2,8452,2,0,1,74,1,61,0,0,0,3,2
44,1,1,0,1,2,1,0,4465,2,0,1,37,2,76,1,0,0,2,1
28,1,6,2,1,0,1,4,8241,0,3,0,90,2,34,0,0,0,3,1
34,0,26,1,1,0,2,1,6097,2,3,0,68,1,67,1,0,0,3,1
39,0,6,3,2,2,1,1,6027,3,3,0,89,1,56,1,0,0,3,2
31,1,23,1,2,3,0,0,9009,1,3,1,85,1,58,0,0,0,3,0
22,0,9,4,2,2,2,4,8180,1,0,0,46,1,84,1,0,0,2,2
32,0,14,4,0,1,2,1,9641,2,2,0,96,1,78,0,0,0,3,2
40,0,29,1,0,0,0,3,11735,1,0,0,87,2,56,0,0,0,1,2
55,1,41,4,2,2,1,0,11254,3,2,0,3,1,97,0,0,0,2,1
58,1,37,2,1,0,0,3,7508,1,0,1,30,1,41,0,0,0,3,1
18,1,6,2,2,1,1,1,9392,2,3,0,70,2,67,0,0,0,3,1
51,0,3,1,1,2,0,1,11302,1,2,0,81,0,60,0,0,0,2,2
35,1,26,4,1,0,1,0,10479,1,1,0,53,1,79,0,0,0,2,1
40,1,25,4,1,1,0,6,13961,2,2,0,31,0,92,0,0,0,2,1
39,0,24,1,2,0,0,2,7794,2,0,0,83,1,101,0,0,0,1,1
19,1,4,4,2,2,2,0,10346,2,3,0,65,0,53,0,0,0,1,0
47,0,21,1,1,0,0,0,9379,1,0,0,62,0,61,0,0,0,2,1
55,1,28,4,2,2,1,1,8673,1,3,1,46,0,71,1,0,0,2,0
24,0,4,4,1,0,0,0,7398,0,0,0,59,2,63,1,0,0,2,2
25,0,11,2,0,3,2,2,8249,0,3,0,77,0,34,0,0,1,2,2
37,0,2,0,2,3,1,1,4242,0,3,0,56,1,31,0,0,0,2,1
31,0,7,0,0,1,1,0,4852,3,0,1,23,2,15,0,0,0,1,3
27,1,7,4,2,2,0,4,10302,0,0,0,90,2,64,0,0,0,3,2
33,1,25,4,1,1,1,0,7075,2,2,0,28,0,74,0,0,0,3,1
27,0,16,1,2,1,2,1,6414,3,0,1,86,1,21,0,0,0,1,2
58,0,35,0,2,1,0,4,4607,2,0,1,74,1,43,0,0,1,0,0
41,1,23,1,2,3,1,4,9919,2,3,1,2,2,91,0,0,0,1,0
31,1,15,2,0,3,2,5,7549,2,3,1,77,1,89,0,0,1,2,2
36,1,6,4,2,4,2,2,5327,1,0,0,9,0,15,0,0,0,2,0
50,0,5,2,2,1,1,3,8149,2,2,0,54,1,19,0,0,0,2,2
40,1,5,0,2,2,0,2,4756,1,0,0,69,1,62,0,0,0,1,1
20,1,10,2,2,2,0,2,8184,1,0,0,82,1,52,0,0,1,2,0
56,1,18,3,1,4,0,1,6571,0,0,0,53,2,25,0,0,0,3,1
51,0,4,4,0,3,1,4,11244,1,1,0,62,0,75,1,0,1,3,1
39,0,22,1,1,3,0,0,8504,3,0,0,57,1,75,1,0,0,1,0
30,1,8,3,1,1,1,1,6300,2,0,0,68,1,25,0,0,0,2,2
56,1,6,2,1,3,0,2,7849,2,2,0,4,1,85,0,0,0,2,2
58,1,49,1,2,0,0,3,5713,2,3,0,26,1,81,0,0,1,1,1
24,0,13,0,1,2,1,5,5270,0,0,0,93,2,58,0,0,0,3,0
39,0,4,4,2,1,0,1,8995,3,2,1,29,1,23,0,0,0,2,0
35,0,4,4,0,1,1,4,7742,3,0,0,12,1,71,0,0,1,0,1
19,1,9,4,0,1,1,2,9690,2,3,1,28,1,51,0,0,0,0,2
47,1,3,4,2,1,1,2,8452,2,3,0,75,2,46,0,0,0,2,0
39,1,22,1,1,0,0,0,5556,2,0,0,16,1,28,0,0,0,0,1
20,1,7,1,1,3,0,0,9823,2,0,0,98,1,63,1,0,0,2,0
25,1,16,0,1,0,1,0,3459,0,1,0,50,2,62,0,0,0,2,2
47,0,34,2,2,1,1,2,9500,2,1,0,9,2,66,0,0,0,2,0
34,0,1,4,1,0,2,3,8180,1,0,1,50,2,37,0,0,0,2,2
45,0,7,1,2,3,0,1,8180,2,2,0,84,2,77,0,0,0,1,0
42,0,30,1,2,3,1,2,11215,2,1,0,61,1,90,0,0,0,2,1
51,1,31,2,0,2,0,2,7462,2,0,0,46,0,51,1,0,0,3,2
50,1,4,1,0,1,0,1,4654,2,0,0,43,1,23,0,0,0,1,2
38,1,25,4,1,3,2,2,9464,3,2,0,93,1,89,0,0,0,2,1
30,0,14,4,2,0,1,2,9142,1,1,1,12,2,88,1,0,0,1,0
53,1,27,1,0,1,1,4,7196,3,0,0,19,0,49,1,0,0,1,0
26,1,18,0,1,1,2,3,5273,1,0,0,30,1,20,0,1,0,2,2
47,0,20,4,1,0,2,4,10502,2,0,1,35,1,46,0,0,0,2,1
32,0,13,1,0,1,0,1,9356,0,0,1,85,1,74,1,0,1,3,1
52,0,44,1,2,3,2,2,6358,2,0,0,32,1,81,0,0,0,3,1
59,0,11,2,1,1,0,2,8469,0,0,1,55,0,26,0,0,0,2,3
47,1,13,1,1,2,1,1,11659,0,1,0,68,2,75,0,0,0,2,1
48,0,18,4,2,2,1,2,7976,1,0,1,32,2,71,0,0,0,2,2
29,1,5,0,1,0,0,5,4497,3,0,0,26,2,60,0,0,0,3,1
39,0,19,0,1,1,2,4,4073,1,2,0,16,1,47,1,0,0,3,2
50,0,2,1,1,2,1,1,10035,2,2,1,46,2,28,0,0,0,1,0
50,0,15,4,2,1,0,1,10637,0,0,0,75,1,85,1,0,1,1,2
55,0,14,1,1,1,1,3,9981,0,2,0,64,1,82,1,1,0,3,1
42,0,29,4,2,3,1,0,8506,0,1,0,71,0,35,0,0,1,2,1
32,0,10,3,1,2,0,3,6269,1,2,0,69,0,41,0,0,0,2,0
34,1,11,4,2,0,1,3,9125,1,2,0,65,0,22,1,0,0,2,1
28,0,3,3,1,4,1,1,5892,2,3,0,85,1,38,0,0,0,2,2
27,0,11,4,1,2,2,2,9197,2,0,1,53,0,35,0,0,0,2,2
34,1,26,4,0,3,0,0,6289,3,0,0,15,2,59,0,0,0,3,2
27,0,15,4,1,3,0,4,13582,1,0,0,86,1,84,0,1,0,1,1
58,1,29,2,1,3,0,0,7359,2,0,0,18,1,41,0,0,0,2,1
29,1,14,3,2,3,2,1,5471,1,3,0,40,0,70,0,0,0,3,0
57,1,16,2,2,3,0,3,8007,0,3,0,92,0,71,0,0,0,1,2
39,0,31,4,0,4,1,1,10334,3,0,0,4,0,66,0,0,0,2,2
56,0,3,2,1,3,0,0,7108,1,2,0,58,1,8,0,1,0,1,2
38,1,21,1,2,0,1,2,9128,1,1,1,23,1,65,1,0,0,3,0
32,0,20,4,0,3,0,0,9152,2,2,1,46,2,74,1,0,0,2,3
22,0,5,2,1,1,0,1,8115,1,0,1,32,1,40,0,0,0,3,0
22,0,6,2,1,3,2,2,7657,1,3,1,96,2,77,1,0,0,2,2
35,1,22,1,0,3,1,0,10855,2,0,0,12,0,29,0,0,1,1,1
38,1,14,0,2,1,2,0,6299,2,2,0,53,1,63,0,0,0,2,1
54,1,30,0,1,3,1,2,5523,0,3,0,8,0,63,1,0,1,2,0
21,1,4,1,1,1,0,1,8796,1,1,0,42,1,65,0,0,0,2,0
18,1,6,4,2,3,0,3,7631,1,1,0,1,1,69,0,0,0,2,1
47,0,18,3,0,2,1,3,5591,2,2,1,94,1,89,0,0,0,2,0
42,1,5,4,2,2,1,2,6626,0,0,0,28,1,16,0,0,1,2,2
24,0,8,0,2,3,1,1,6427,0,1,0,10,2,85,0,0,0,2,0
22,0,14,1,1,0,1,5,6481,2,0,0,90,1,57,0,0,1,2,0
19,1,10,2,1,2,0,2,6249,2,1,1,85,1,22,1,0,1,2,0
43,0,30,2,1,2,0,2,8607,2,0,0,24,1,98,0,0,0,2,2
26,1,9,1,1,1,2,3,7794,2,3,1,42,1,12,0,0,1,2,3
39,1,14,0,1,0,1,0,4678,0,0,0,85,1,47,0,0,0,0,0
45,0,21,2,1,0,0,1,7571,2,3,1,30,2,67,1,0,0,1,2
18,0,6,2,1,2,1,3,9115,1,2,0,29,1,42,0,1,0,3,2
30,1,11,2,2,0,0,1,8761,0,0,0,50,2,54,0,0,1,2,2
47,1,4,1,0,1,0,5,8196,0,0,0,52,1,58,0,0,0,3,1
46,1,24,1,0,1,0,6,8077,1,0,1,27,0,41,0,0,0,3,0
30,0,21,1,1,3,0,0,9369,0,2,1,19,0,79,0,0,0,3,1
37,1,19,2,1,4,0,2,7573,2,0,1,89,0,75,1,0,0,1,2
46,1,1,4,1,1,1,1,10353,3,1,0,1,1,46,0,0,0,2,1
49,0,32,3,1,3,0,0,5125,2,0,0,29,1,107,1,0,0,2,1
53,0,39,2,0,4,0,3,6765,0,0,1,99,2,109,1,0,0,2,1
58,1,8,0,1,2,0,4,4141,1,0,1,53,1,66,0,0,0,2,0
27,1,10,1,0,0,0,1,8904,0,2,0,7,1,20,0,0,0,0,1
33,0,10,4,0,3,1,2,8374,1,0,1,98,2,19,0,0,0,2,2
25,0,1,2,2,1,0,0,6752,2,2,1,25,1,72,1,0,0,3,1
18,1,5,1,1,2,1,3,7532,2,3,1,12,1,74,0,0,0,0,1
51,0,26,2,1,0,2,0,8548,0,0,0,65,0,57,0,0,0,1,2
49,1,26,1,2,3,0,1,9870,2,2,1,39,0,60,1,0,0,0,0
30,1,22,3,1,4,2,0,5548,3,1,0,12,0,34,0,0,0,2,2
43,0,7,0,1,3,2,0,2863,0,0,0,3,1,68,0,0,0,3,1
27,1,16,1,2,0,0,2,6660,2,2,0,51,1,92,0,0,0,2,2
41,1,4,2,1,2,1,4,8880,3,2,0,34,1,69,1,0,1,2,1
43,0,16,0,1,1,1,4,2866,2,0,0,50,2,71,1,0,1,1,1
43,1,24,2,1,3,1,2,8948,1,0,0,99,1,75,0,0,1,2,0
39,0,22,4,2,4,2,0,5442,1,2,0,77,1,59,0,0,0,2,1
30,1,10,4,1,4,0,1,9365,2,0,1,31,2,38,0,0,0,2,1
19,0,11,0,0,2,2,1,3524,0,0,0,62,1,56,0,0,0,2,3
21,1,2,2,1,0,0,1,9798,0,3,0,33,1,48,0,0,0,2,3
59,0,48,3,2,0,1,0,6411,2,0,0,5,1,117,0,0,1,1,2
36,0,15,0,1,0,1,5,4019,0,0,0,86,1,81,0,0,0,0,2
56,1,44,1,1,0,0,2,8978,2,3,1,88,1,58,0,0,0,1,1
58,1,13,2,2,0,1,0,9753,1,2,0,25,1,38,0,0,0,2,1
28,0,8,3,2,2,1,3,5893,0,0,0,7,0,65,0,0,0,2,1
57,0,26,2,1,4,1,5,7693,0,0,1,76,0,88,0,0,0,3,0
25,1,10,2,2,3,0,2,5811,2,3,1,6,0,22,0,0,0,2,1
42,1,34,2,2,2,1,5,9622,2,1,0,62,0,70,0,0,0,2,1
58,0,11,0,2,0,0,3,4200,3,0,0,48,1,33,0,0,0,2,1
30,1,6,3,2,0,2,0,6513,1,3,0,98,2,62,0,0,0,2,1
39,1,7,0,1,1,0,0,3968,2,0,0,53,2,82,0,0,0,2,2
55,0,29,4,2,2,0,3,7722,1,0,0,83,1,84,1,0,0,2,1
36,1,10,4,1,2,0,0,9054,2,0,0,81,2,51,0,0,1,3,3
22,0,9,0,1,0,1,1,5269,1,2,0,46,0,84,0,0,0,2,2
58,0,19,4,0,1,1,1,9533,2,0,0,90,1,39,0,0,0,2,2
47,1,35,3,1,0,0,0,6080,2,2,0,55,1,111,0,0,0,2,2
57,0,46,4,1,1,1,0,8370,2,0,1,16,1,58,0,0,0,0,2
34,1,26,2,0,0,2,1,6151,2,0,0,67,2,28,0,0,0,2,1
50,0,13,4,1,1,1,0,11246,2,3,1,52,0,24,0,0,0,0,1
51,1,23,4,1,0,0,2,9237,2,0,1,5,2,35,0,1,0,2,0
45,1,14,4,1,2,0,2,10394,3,2,0,84,2,93,0,0,0,3,2
46,1,23,1,1,2,0,3,10018,2,0,0,64,2,47,0,0,0,1,2
58,1,18,3,1,1,0,2,6446,0,0,0,11,2,35,0,0,0,1,1
20,0,9,4,1,4,1,3,8525,1,1,0,64,1,83,1,0,1,1,2
27,1,5,4,0,2,0,3,9068,0,2,0,4,1,67,0,0,1,2,1
45,0,29,0,1,3,2,1,4546,1,0,1,30,1,55,0,0,0,2,1
40,0,30,2,0,2,1,1,9837,2,3,1,63,2,103,0,0,0,3,1
43,1,18,1,1,1,1,0,7758,0,0,1,92,1,90,0,0,0,2,1
40,1,7,0,1,0,1,2,4712,2,1,0,35,1,84,0,0,0,2,0
34,1,3,1,1,0,2,1,5619,0,0,0,4,1,44,0,0,0,1,2
47,1,4,2,2,1,1,1,9458,2,0,0,1,2,58,0,0,0,2,0
43,0,26,2,0,3,1,2,8952,2,2,1,36,1,87,0,0,0,0,1
22,1,2,1,1,0,2,2,6925,0,0,0,79,1,73,1,0,0,1,2
36,0,20,4,1,1,0,0,7746,3,2,1,67,1,54,1,0,0,2,0
49,0,26,1,0,3,2,4,6707,0,2,1,88,2,39,1,0,0,2,1
59,0,50,0,1,3,1,1,5210,0,3,0,87,0,51,0,0,1,3,1
47,0,15,4,1,3,0,3,7656,1,0,1,11,2,46,1,0,0,0,1
20,0,11,1,1,3,1,1,5910,2,1,1,77,2,20,1,0,0,1,2
31,1,14,4,0,0,1,0,8269,1,0,0,66,2,22,0,0,0,2,1
50,0,30,0,1,1,1,2,4523,3,0,1,94,0,87,1,0,0,3,2
41,1,3,2,2,0,2,0,6996,1,3,1,27,0,72,0,0,0,2,1
48,0,28,4,1,2,1,1,7590,2,0,0,28,2,65,1,0,0,2,1
44,1,8,1,2,1,1,5,6198,2,2,1,51,2,35,0,0,0,2,1
57,0,44,0,1,4,1,0,4027,1,0,0,8,1,66,0,0,0,1,2
35,0,8,2,1,1,1,2,7369,1,3,1,39,2,22,0,0,0,1,1
46,0,2,4,1,3,2,0,9541,1,0,0,41,0,27,0,0,0,0,1
56,1,20,4,2,1,1,1,9723,1,3,1,12,1,39,0,0,0,2,1
31,0,22,0,1,1,2,1,4718,3,0,1,89,0,86,0,0,0,2,1
42,1,21,2,1,2,2,1,7583,2,3,0,72,1,51,0,0,1,2,0
50,1,11,4,0,1,1,1,9339,2,1,0,48,2,26,0,0,0,3,1
59,1,38,0,1,3,0,4,3450,2,3,0,9,0,70,0,0,0,2,0
59,0,37,0,1,2,2,5,5854,2,3,0,68,1,64,0,0,0,2,2
22,1,6,4,0,0,1,2,8904,1,2,1,24,1,14,0,0,0,2,0
40,1,21,0,1,1,1,1,4434,2,0,0,19,1,94,0,0,0,2,2
40,0,30,3,2,1,1,2,6001,1,0,0,97,2,37,1,0,1,2,2
48,1,37,2,1,2,1,2,8070,2,0,1,10,2,68,0,0,0,2,1
53,0,20,4,2,3,0,3,8325,3,3,1,15,1,65,0,0,0,3,2
33,1,1,3,0,2,0,2,6098,1,2,0,61,2,6,0,1,0,3,2
19,0,2,0,2,2,1,0,4406,0,1,0,35,1,53,0,0,0,2,2
37,1,22,1,1,1,1,1,10080,3,0,0,21,1,69,0,0,0,2,2
18,0,4,0,2,2,1,0,5262,1,3,0,87,1,10,0,0,0,3,1
25,1,8,2,2,4,2,1,7650,2,1,0,96,2,25,0,0,1,3,2
41,1,10,2,1,1,2,3,8528,1,3,0,87,2,53,0,0,0,2,1
42,0,22,1,1,1,1,0,8415,1,1,1,20,1,27,0,0,1,1,0
44,0,28,4,0,0,1,4,6587,1,2,1,49,2,97,0,0,0,2,1
55,0,5,0,1,1,1,4,4518,0,3,1,21,1,12,0,0,0,1,2
56,0,30,1,0,1,2,3,8821,1,2,1,75,0,65,0,0,0,2,2
29,0,14,3,1,0,1,3,6477,2,0,0,59,1,40,0,0,0,1,0
27,0,8,4,1,3,0,3,10670,1,3,1,94,2,11,0,0,0,2,2
31,1,6,0,2,1,0,1,3573,2,0,0,50,1,49,0,0,1,3,0
18,0,10,4,2,1,2,2,9060,3,0,1,30,1,28,0,0,0,3,2
57,1,2,3,2,1,1,2,6013,1,0,1,30,1,49,0,0,0,2,1
24,1,13,4,2,1,2,3,6785,2,0,0,24,2,57,0,0,1,1,0
39,0,28,0,2,0,1,0,4872,1,0,0,18,1,94,0,0,0,2,2
59,0,40,4,0,3,0,2,8773,0,0,0,7,2,106,0,0,0,0,2
55,1,3,0,1,0,1,0,4636,3,0,0,44,2,65,0,0,0,0,0
42,1,19,4,1,0,0,0,10785,1,0,1,72,1,87,0,0,0,2,1
24,1,3,1,2,2,0,4,5260,3,3,1,5,1,16,0,0,1,3,1
59,1,36,3,1,1,0,0,5840,1,1,0,12,1,69,0,0,0,2,1
57,0,35,3,2,3,1,1,6201,0,0,1,91,1,44,1,0,1,3,0
49,1,15,3,2,3,2,1,5278,2,1,1,74,1,46,0,0,0,0,2
54,1,26,4,1,2,2,0,7527,1,3,1,42,1,91,0,0,0,3,2
38,1,27,4,0,2,2,1,7360,2,2,0,58,2,61,0,0,0,1,2
41,1,11,1,0,0,0,1,9152,2,3,0,81,1,31,0,0,0,2,2
36,1,2,1,1,0,0,0,9269,0,1,1,33,0,57,0,0,0,3,1
24,1,8,3,2,2,0,1,6497,3,0,0,42,1,60,0,0,0,3,0
19,0,4,3,1,3,0,1,5581,1,2,0,69,1,26,0,0,0,3,1
42,0,19,4,1,1,0,3,9075,2,0,1,75,1,55,0,0,0,1,1
52,1,10,0,2,3,1,0,5481,3,0,1,76,1,73,0,1,0,3,1
57,0,1,2,2,3,1,3,9460,1,0,0,72,0,71,0,0,0,2,1
37,0,29,4,2,0,1,0,9725,2,0,0,23,0,39,0,0,0,2,2
27,1,17,3,1,1,1,2,5678,1,0,0,41,1,54,0,0,0,2,1
45,0,27,2,1,1,0,1,9200,2,0,0,28,0,32,0,0,0,3,1
33,0,6,1,0,2,1,1,6706,0,0,0,52,2,78,0,0,0,2,1
26,0,16,2,1,1,1,3,7822,2,0,0,1,2,66,0,0,0,1,3
43,1,13,2,2,2,1,0,8757,2,0,0,71,0,14,0,0,0,0,2
41,1,1,2,1,2,2,0,8617,2,3,1,4,2,16,0,0,0,0,0
59,1,34,1,1,2,0,0,8201,1,0,1,95,0,86,1,0,0,3,2
37,1,2,1,1,2,0,0,7301,2,0,0,15,1,42,0,0,0,1,1
47,0,14,2,2,0,1,0,6433,1,0,0,27,1,70,0,0,0,1,1
28,0,8,1,2,2,2,1,9452,1,3,0,82,2,58,0,0,0,1,0
22,0,8,4,1,2,2,1,10431,2,0,1,98,2,13,0,0,0,3,1
21,0,11,0,0,0,1,3,2918,2,3,0,73,1,38,0,0,0,0,1
41,0,4,4,1,2,2,2,9453,2,2,1,31,1,27,0,0,0,3,3
20,0,3,3,2,3,0,1,6211,0,0,1,99,1,49,0,0,0,2,0
20,0,6,2,1,0,0,0,9732,2,3,0,41,1,70,0,0,0,2,0
26,1,4,2,2,2,1,0,9257,3,2,0,94,0,12,0,0,0,2,1
34,0,9,0,1,2,1,4,4519,0,0,0,46,1,67,1,0,0,0,1
32,1,21,0,2,2,0,1,4359,0,2,0,27,2,84,1,0,0,3,1
49,0,37,4,1,3,0,2,7310,3,0,1,81,0,97,0,0,0,2,0
43,1,12,0,2,3,2,1,4883,3,0,1,18,1,83,0,0,0,2,0
38,0,7,3,1,1,0,4,6160,2,0,0,53,1,24,0,0,0,2,0
23,0,13,0,0,1,1,3,3834,2,0,0,55,1,59,0,0,1,3,1
34,0,20,0,2,2,1,0,4671,3,3,1,25,2,87,1,0,0,1,2
30,0,18,2,1,0,0,1,9655,0,0,1,60,1,91,0,0,0,2,2
44,0,4,1,1,0,2,0,11515,2,1,0,53,0,54,0,0,0,2,1
20,0,5,0,2,1,1,0,4258,0,3,1,50,2,49,0,0,0,2,1
30,0,14,0,1,1,0,3,4965,2,1,1,74,2,37,0,0,0,2,0
34,0,5,4,2,1,0,0,8126,2,3,0,91,2,39,1,0,0,2,2
26,0,5,4,0,4,1,1,9796,1,1,1,53,1,27,0,0,0,1,3
21,1,4,0,2,4,0,1,3473,2,2,1,60,1,33,0,0,0,2,1
30,0,2,4,0,3,0,0,11180,2,2,0,8,1,49,0,1,0,1,1
50,1,21,1,1,2,0,4,9908,2,2,0,74,1,50,1,0,1,3,2
39,1,13,4,2,3,0,3,7921,1,2,1,74,0,89,0,0,0,0,2
43,1,35,2,1,1,0,2,7492,3,0,0,11,0,48,0,0,0,2,1
26,1,9,3,0,3,0,0,6314,1,2,0,46,0,22,0,0,0,2,2
58,1,37,1,1,2,0,2,6988,1,0,1,26,1,95,0,0,0,1,2
19,1,9,0,2,0,1,0,4196,3,0,1,2,0,50,1,0,0,3,0
21,1,12,4,2,0,1,0,9658,2,3,1,17,0,86,0,0,0,3,2
40,0,6,4,2,1,0,1,11510,1,2,0,48,2,81,0,0,0,2,3
31,1,20,1,2,0,2,1,8070,3,0,0,49,0,60,0,1,0,2,1
45,0,10,4,2,0,0,1,8256,3,0,1,63,0,72,0,0,0,2,1
58,1,40,4,0,4,1,0,10619,1,1,1,20,1,89,1,0,0,0,0
54,1,22,1,1,3,0,0,10062,1,2,0,47,1,72,0,0,0,2,1
43,1,11,4,0,2,0,2,10230,1,1,1,87,1,62,0,0,0,2,1
35,1,24,0,1,1,1,2,3699,1,0,0,56,1,58,0,0,0,3,0
49,1,15,0,2,4,1,2,4664,1,3,0,18,0,59,0,0,0,0,1
33,1,14,2,2,2,0,1,7752,2,3,0,70,1,37,0,0,0,2,0
22,1,4,2,2,1,0,3,7842,0,2,1,12,2,40,0,0,0,1,1
35,1,9,4,1,2,2,2,7486,3,0,0,1,1,33,0,1,0,2,1
33,1,10,2,1,0,0,0,6837,2,3,0,90,2,87,0,0,0,1,1
20,1,2,4,0,3,1,2,7913,2,0,0,21,2,33,0,0,0,2,0
22,0,2,1,1,1,1,0,6297,2,2,1,22,2,5,0,0,0,3,1
54,1,23,1,1,3,0,1,8349,1,0,0,77,1,88,0,1,0,1,2
47,1,9,2,2,1,2,0,7828,0,3,0,6,0,70,0,0,0,3,2
18,0,7,4,2,2,2,1,8546,3,3,1,94,2,64,1,0,0,1,0
42,0,17,3,2,2,1,1,5436,2,2,0,23,2,88,0,0,0,3,3
56,0,43,2,2,1,1,4,7339,2,0,0,37,1,98,0,0,1,3,2
27,1,13,1,2,1,0,3,6275,1,1,0,34,0,29,0,1,0,3,1
18,1,1,3,0,0,1,4,6421,1,0,1,50,2,68,0,0,0,2,1
40,1,18,3,1,0,1,2,6369,2,2,0,98,1,45,1,0,0,2,1
35,1,25,2,1,3,1,1,8200,2,3,0,27,1,28,0,0,0,0,1
47,0,16,0,1,3,2,0,3881,3,3,0,8,1,82,0,0,0,1,3
31,1,19,2,1,1,0,0,8234,2,3,1,17,2,42,0,0,0,1,0
18,0,1,3,1,0,1,1,6180,2,3,1,71,0,27,0,0,0,0,0
58,1,19,2,1,1,0,0,7888,0,3,0,56,1,61,0,0,0,2,1
28,1,10,3,2,2,1,0,6177,1,0,0,21,1,72,1,0,0,3,1
54,1,11,0,2,0,1,0,5224,0,0,1,41,1,24,1,0,1,3,3
37,0,5,2,1,1,2,3,9812,0,0,0,61,1,32,0,0,1,2,1
18,0,4,4,0,1,2,0,8931,1,0,0,10,2,58,0,0,0,2,2
26,0,2,1,1,3,0,1,12288,3,3,1,27,1,48,1,0,0,2,2
23,0,7,3,1,0,0,0,6038,1,1,0,29,1,31,1,0,0,2,0
48,0,27,4,2,3,1,5,13485,3,0,1,54,1,54,1,0,0,3,2
32,0,14,0,0,2,1,2,5343,0,1,0,27,1,88,0,0,0,1,2
51,0,34,1,2,3,1,0,9746,3,2,0,52,1,100,0,0,0,2,0
52,0,40,3,0,2,1,0,5992,0,1,1,41,1,89,0,0,0,2,0
19,1,8,3,2,1,0,0,5623,3,2,1,9,0,71,0,0,0,3,0
39,1,10,3,1,0,1,1,6612,1,2,0,51,0,21,0,0,0,2,2
46,1,29,3,0,2,0,1,6371,2,2,1,22,1,97,0,0,1,1,1
54,0,1,2,0,0,2,0,8445,1,3,0,47,2,20,0,0,0,2,0
24,0,1,2,1,2,1,0,7256,3,0,0,11,2,61,0,0,0,1,0
53,1,11,2,1,1,1,0,8095,2,0,1,83,1,36,0,0,0,2,1
32,0,16,1,2,2,1,1,7041,1,1,0,87,1,91,0,0,0,3,3
50,1,38,4,1,3,2,0,7026,2,1,0,3,0,61,0,0,0,2,1
59,1,43,0,1,0,1,1,4862,2,1,0,28,2,119,0,0,0,2,0
48,1,36,3,1,2,2,1,6697,1,0,0,92,2,72,0,1,0,2,3
41,1,33,3,1,1,0,1,6108,3,0,0,40,2,76,0,0,1,2,2
36,1,16,1,2,1,1,4,8928,2,2,0,88,1,20,0,0,0,3,2
54,1,41,0,0,3,0,5,4531,1,0,0,57,1,52,0,0,0,2,0
59,0,17,4,1,0,0,2,11677,1,2,0,94,0,92,1,0,0,1,0
52,1,30,0,2,3,0,2,4065,1,3,1,17,2,54,1,0,1,2,2
40,1,26,4,1,1,0,2,7670,0,2,1,18,1,94,0,0,0,2,2
59,0,20,0,2,4,0,2,4196,3,3,0,60,1,28,0,0,0,0,0
42,0,23,0,2,3,0,1,5420,2,2,0,85,2,75,0,0,0,2,2
57,1,15,2,1,1,1,1,9230,0,2,1,44,1,41,0,0,0,1,0
35,0,5,4,1,1,1,5,8677,1,0,1,69,2,71,0,0,0,3,2
49,1,27,1,1,2,1,3,5186,2,0,0,47,2,35,0,0,0,2,0
41,1,33,0,1,0,1,1,5104,3,0,0,22,0,82,0,1,0,2,1
28,0,9,2,1,0,1,1,7251,1,0,0,95,1,69,0,1,0,2,3
46,0,24,2,1,0,1,2,5096,2,0,0,93,1,82,0,0,0,1,0
47,1,15,4,1,1,0,3,7400,2,0,1,67,1,74,0,0,0,0,1
22,1,5,0,1,1,0,0,3722,1,0,0,14,1,64,1,0,0,0,2
53,1,36,2,2,3,1,2,7256,2,3,1,98,2,109,0,0,0,2,1
59,1,7,0,2,0,0,0,4476,2,0,0,19,1,52,0,0,0,3,1
24,1,2,1,2,3,2,3,13664,1,1,1,27,2,8,0,0,0,1,2
50,0,35,3,2,0,1,0,5474,2,0,0,88,0,100,0,1,1,2,1
25,1,1,4,2,2,0,6,9241,3,0,0,14,1,19,0,0,0,2,2
29,1,13,2,2,3,0,1,8863,2,1,0,66,2,52,0,0,0,2,0
41,1,32,1,1,0,2,3,9248,1,0,0,6,0,34,0,0,0,2,2
19,0,3,4,2,1,0,0,8178,2,1,0,85,1,67,0,0,0,0,0
29,0,14,2,0,0,0,1,9050,1,2,0,41,1,27,0,0,1,2,2
42,0,32,4,1,1,1,3,9368,1,2,0,96,2,79,0,0,0,2,1
44,0,23,1,1,1,1,2,11764,2,2,0,54,2,65,0,0,0,2,0
41,1,2,3,2,0,0,2,6395,1,3,0,41,2,49,0,0,0,2,2
25,0,16,0,0,0,1,2,3480,1,0,1,72,0,79,0,0,0,3,2
21,1,10,3,1,1,2,2,6180,1,1,1,82,2,75,0,0,1,2,0
33,1,12,0,1,1,1,0,2386,3,2,1,73,1,64,0,0,0,2,0
52,0,42,2,1,2,1,4,7287,3,2,0,77,1,48,0,0,0,2,0
32,0,22,2,1,2,1,0,7707,0,0,0,28,1,39,0,0,0,2,0
39,1,17,1,2,1,1,0,4909,2,0,0,55,2,58,0,0,0,3,1
29,0,12,1,1,1,0,2,8987,0,3,0,78,2,85,0,0,0,3,1
53,0,24,0,0,2,1,1,5256,1,0,0,99,1,58,0,0,0,3,0
59,1,11,1,0,3,2,4,8395,2,0,0,22,0,71,0,0,0,3,1
59,0,39,4,2,0,2,3,8786,0,0,0,19,1,47,0,0,0,3,1
42,1,16,0,2,1,2,3,4525,1,3,0,28,1,45,0,0,1,2,2
46,0,10,3,0,3,2,1,5771,2,3,0,71,0,42,0,0,0,2,1
22,0,8,3,1,3,1,5,6289,1,0,0,33,1,43,1,0,0,3,0
31,1,9,0,2,1,1,2,3704,1,3,1,66,2,88,0,0,0,3,1
26,1,6,2,0,3,2,4,6039,0,0,1,49,1,70,0,0,0,2,0
43,1,23,2,1,1,0,0,7909,2,3,1,36,1,45,0,0,0,1,2
23,0,13,0,1,0,1,0,4992,2,0,0,49,1,41,0,0,1,1,1
45,0,22,1,1,0,2,5,6943,3,0,0,42,1,95,0,0,0,2,1
24,0,16,1,1,1,0,0,2526,1,2,0,43,0,68,0,0,0,2,0
57,1,17,3,1,0,1,1,6311,2,2,0,95,1,73,0,0,1,2,2
57,0,41,1,1,0,0,1,9165,1,0,0,4,2,107,0,0,0,3,1
26,0,15,4,2,1,0,3,11081,0,0,0,41,1,40,1,0,0,2,2
25,1,3,0,1,1,1,0,2962,1,2,0,94,2,43,1,0,0,0,0
27,1,15,2,1,2,1,1,8474,2,0,0,61,1,49,0,0,1,2,2
59,0,47,2,1,1,2,1,8638,1,3,1,39,1,49,0,0,0,2,2
32,1,20,3,2,0,1,3,5299,2,1,1,99,1,79,1,0,0,1,0
33,0,8,3,1,3,1,0,6138,0,3,1,19,1,25,0,0,0,3,1
29,1,12,2,1,3,0,0,7876,1,3,1,53,2,89,1,0,0,2,2
26,1,9,0,1,2,0,3,5169,0,3,0,24,1,64,1,0,0,3,1
50,0,26,3,0,1,2,2,7308,1,0,0,97,0,32,0,1,1,2,1
51,0,1,4,2,1,0,1,7086,2,0,1,81,1,42,0,0,0,0,3
21,0,10,4,2,1,0,2,9927,2,0,1,37,1,35,0,0,0,3,0
42,0,19,4,1,3,0,2,8420,3,3,1,89,1,61,0,0,0,1,0
28,0,17,4,2,1,2,3,6508,3,0,1,57,0,56,0,0,0,2,2
32,1,24,3,0,3,1,0,5253,2,1,0,80,1,86,0,0,0,3,2
57,0,33,2,1,4,1,1,8201,2,3,0,95,1,95,0,0,0,1,2
40,1,28,4,1,1,1,4,5085,1,2,0,88,1,44,1,0,0,2,0
40,0,8,0,0,0,1,0,3752,2,2,1,78,2,73,0,0,0,2,1
39,0,1,4,0,0,0,3,6889,2,0,0,44,1,60,1,0,0,3,0
59,0,35,3,0,3,1,0,6249,2,3,0,13,1,80,0,0,0,2,2
18,1,4,3,2,0,1,3,5972,2,0,0,97,1,50,0,0,0,2,2
57,1,11,1,1,1,1,4,8148,2,2,1,26,2,26,0,0,0,1,2
18,1,5,4,1,2,2,3,9722,0,0,0,57,1,17,0,0,0,1,0
46,0,8,2,1,0,1,2,9066,1,2,0,48,0,73,0,0,0,1,1
48,0,16,1,1,0,0,0,5218,0,2,0,18,1,89,1,0,0,1,0
51,1,23,4,1,3,0,1,8887,1,3,0,13,1,88,0,0,0,2,1
23,1,2,0,2,2,2,0,4593,2,3,0,92,2,28,1,0,1,1,2
31,1,6,2,2,3,0,0,7216,0,0,0,14,2,25,0,0,0,1,1
44,0,28,3,1,3,0,1,5790,1,3,0,77,1,102,0,0,1,2,2
53,1,23,2,2,1,1,1,7474,3,2,0,71,0,58,0,0,1,2,1
25,0,16,4,2,0,1,2,7917,3,2,0,53,1,69,0,0,0,2,2
51,0,42,2,0,3,2,1,8624,2,2,0,6,2,91,1,0,0,1,3
57,1,46,3,2,3,1,0,6174,0,0,0,17,1,68,0,0,0,3,3
44,0,32,1,1,2,0,0,7568,3,0,0,90,2,52,0,0,0,2,0
27,1,4,1,0,2,1,5,9485,3,2,0,46,1,15,0,0,0,2,1
32,0,12,0,2,2,1,1,4506,2,0,1,61,2,75,0,0,0,0,0
35,1,17,1,1,1,0,1,7024,2,3,0,86,2,39,0,0,0,1,2
52,1,20,3,1,3,2,0,6467,3,3,0,84,1,84,0,0,0,1,3
44,1,22,2,2,1,2,1,7886,2,0,0,80,2,54,0,0,1,3,1
55,1,13,4,2,0,1,3,6406,0,0,1,72,1,35,0,0,0,1,2
53,1,42,2,2,1,0,5,7186,3,0,0,73,1,105,1,0,0,0,1
58,0,48,1,2,1,0,0,7761,1,2,1,58,2,76,1,0,0,2,1
18,1,7,2,1,2,2,4,7456,1,0,1,16,1,10,0,0,0,1,1
28,0,7,1,0,0,2,1,10091,2,3,0,92,0,83,0,0,1,1,0
43,1,19,0,0,2,1,0,4303,2,0,0,17,2,96,0,0,0,3,1
43,1,19,2,2,2,1,1,7304,1,0,1,13,1,76,0,0,1,3,0
39,0,25,0,2,3,1,2,5428,2,3,1,92,2,74,0,1,0,2,2
38,0,9,2,2,1,0,1,6159,0,0,0,50,1,42,0,0,0,3,2
48,1,27,4,1,1,1,1,7638,1,3,0,86,1,41,0,0,0,3,0
51,1,30,4,1,1,1,4,9523,0,3,0,54,1,39,0,0,0,3,1
52,0,22,4,0,0,2,1,9220,3,0,0,15,2,67,1,0,0,0,1
54,1,43,2,2,1,1,0,8391,0,3,0,12,2,87,0,0,0,1,1
31,1,22,0,2,1,1,0,4843,0,0,1,45,1,38,0,1,0,1,2
55,1,11,4,0,2,1,1,9864,1,2,0,60,0,32,1,0,0,2,1
41,1,6,3,2,1,1,6,6199,3,2,0,29,0,70,0,0,0,2,3
41,0,6,2,1,1,1,1,8295,0,0,1,63,1,8,0,1,0,2,1
34,1,25,2,0,1,0,1,7879,2,2,1,84,0,98,0,0,1,0,1
32,1,18,2,2,1,1,2,8690,3,0,0,40,1,19,0,0,0,3,2
56,0,42,3,0,1,1,1,5331,2,2,1,89,0,110,0,0,0,2,1
25,0,14,3,2,2,0,1,5374,3,3,1,5,1,83,0,0,0,2,1
42,1,2,0,1,1,0,4,4492,2,0,0,28,2,42,0,0,0,2,1
49,0,11,2,1,2,0,2,8975,2,3,0,11,2,44,0,0,1,2,2
56,1,7,4,2,3,0,1,9878,2,3,0,58,2,22,0,0,0,2,1
30,1,6,4,2,2,1,4,8844,1,1,1,31,2,51,0,0,0,1,2
33,0,24,3,2,2,0,0,5535,1,3,0,52,1,63,0,0,0,3,1
46,0,2,4,1,2,1,2,8369,1,3,0,34,0,42,1,0,0,3,2
50,1,31,2,0,0,1,0,7104,0,1,0,94,1,39,1,0,0,3,2
44,0,5,4,1,0,0,3,6795,0,0,1,15,2,30,0,0,1,2,0
21,0,10,2,1,0,0,3,6038,2,3,0,52,0,41,0,0,0,2,0
51,1,30,0,2,0,2,2,3616,3,3,0,10,2,61,0,1,0,1,1
41,0,4,0,2,3,0,0,5592,0,1,0,6,2,68,1,0,0,3,0
53,1,10,0,1,2,0,3,5060,1,0,1,83,0,25,0,0,0,2,0
48,0,17,0,1,1,0,3,4670,1,0,0,7,2,43,0,0,0,2,1
22,1,1,4,1,3,0,0,9744,3,0,1,60,0,2,0,0,0,1,1
56,0,17,2,2,2,0,0,7223,2,3,0,51,0,18,0,0,1,2,2
42,1,5,1,2,0,1,4,8077,1,0,1,65,2,70,1,0,0,1,2
54,0,34,3,1,1,1,1,6875,0,3,1,22,2,60,0,0,0,1,0
27,1,18,2,1,1,2,0,7729,2,2,1,72,2,41,1,1,0,3,0
56,0,18,2,2,0,0,0,8412,1,2,1,88,1,97,0,1,0,3,1
43,0,24,3,2,3,0,0,5525,3,0,1,24,2,71,1,0,0,3,1
18,1,1,4,2,0,1,3,7875,3,0,1,99,1,46,1,0,0,2,0
23,1,12,0,1,0,1,1,5851,2,0,1,57,1,16,0,0,0,1,2
20,1,11,4,2,0,2,3,10688,1,0,0,39,1,43,0,0,0,2,1
47,1,12,4,1,0,1,0,8489,1,1,0,82,1,87,1,0,0,2,1
45,0,20,2,2,2,2,1,8926,0,0,0,89,2,80,1,0,0,2,2
32,0,6,3,1,4,2,2,5879,2,0,0,47,1,72,1,0,0,2,2
43,1,19,2,2,2,0,3,6757,0,0,0,25,1,48,0,0,1,2,1
28,1,18,2,2,1,0,3,7642,0,0,0,86,1,88,0,0,0,0,0
20,1,2,1,2,1,2,2,10207,1,1,1,40,1,32,0,0,0,1,3
37,0,1,3,1,1,1,0,7045,1,3,0,61,1,28,0,0,0,1,0
44,0,7,4,2,0,1,0,7910,1,0,1,49,1,31,0,0,0,1,0
54,1,3,2,1,3,0,0,8392,1,3,0,98,0,42,0,0,0,1,3
44,0,35,4,2,3,1,0,6366,2,3,1,84,1,53,0,1,0,2,0
41,1,2,0,1,3,2,1,4593,1,0,1,48,1,27,0,0,0,2,3
37,0,15,0,2,0,0,4,3729,2,3,0,30,2,83,0,0,0,2,1
34,1,16,4,2,4,0,2,10100,3,0,0,93,1,54,0,0,0,2,0
30,0,10,0,0,1,0,0,4065,0,3,1,89,1,33,0,0,0,2,3
20,0,8,3,1,1,2,2,5699,2,2,0,65,1,35,0,0,0,2,2
50,0,28,0,1,3,0,1,4331,1,2,0,38,1,38,0,1,1,1,1
19,1,9,3,2,0,1,1,6080,0,0,1,36,1,14,0,1,0,2,2
48,1,12,3,2,1,1,2,6521,3,3,0,25,2,17,0,0,0,3,2
48,1,4,0,1,2,2,4,4571,3,0,0,29,1,25,0,0,1,1,1
20,1,12,0,2,1,0,0,4882,1,3,0,33,0,31,0,0,0,2,1
43,1,20,2,2,3,1,0,9026,2,1,0,57,2,31,0,0,0,3,1
47,1,6,4,1,2,0,0,6994,2,3,0,69,1,26,0,0,0,2,2
23,1,8,4,1,1,1,0,9573,0,1,0,84,2,42,0,0,0,2,2
59,1,48,2,1,1,0,2,6772,2,3,1,53,1,99,0,0,1,1,0
52,1,28,2,2,2,2,0,8532,3,0,0,88,2,36,0,0,0,2,0
47,0,1,1,2,0,0,0,8895,2,2,0,71,1,76,0,0,1,3,0
27,1,17,0,1,3,1,1,6147,0,1,0,91,1,67,0,0,0,2,0
55,1,7,4,1,0,2,3,8081,0,3,0,90,2,45,0,1,0,1,0
18,0,7,1,0,2,0,3,10705,1,1,0,3,2,84,0,1,0,3,1
35,1,18,0,2,2,1,3,2830,1,1,0,86,2,33,0,0,0,2,1
56,0,3,0,1,0,0,4,2715,1,1,1,4,1,17,0,0,1,2,2
29,1,19,2,1,2,1,3,9560,2,2,0,99,1,73,0,0,1,2,1
39,0,31,1,2,2,0,3,10512,0,0,0,89,1,79,1,0,1,2,1
44,0,2,0,1,1,1,0,4016,2,0,0,57,0,10,0,0,0,0,2
19,1,7,4,0,1,2,1,8060,3,2,0,20,2,42,0,0,0,2,0
34,0,22,2,0,2,2,4,7299,3,0,0,85,2,52,0,0,0,3,1
27,1,6,0,2,3,0,4,3603,1,0,1,75,2,43,1,0,0,2,1
47,0,11,2,1,2,1,0,8426,2,2,0,5,2,33,0,0,1,2,3
51,0,35,0,1,2,2,0,3716,3,3,1,96,2,76,0,0,0,1,0
29,1,16,3,1,1,0,1,5325,2,3,0,43,1,80,0,0,0,0,0
59,0,12,3,2,2,0,0,6143,2,2,1,53,2,83,0,0,0,2,0
23,1,2,2,1,1,2,3,7614,1,3,1,73,2,80,0,0,0,2,1
56,0,24,4,1,1,1,2,9551,0,0,0,19,0,59,1,0,0,1,1
31,0,3,1,2,3,1,1,10611,1,0,0,51,1,69,1,0,1,2,1
18,0,5,3,2,0,1,4,5469,2,1,0,9,1,56,0,0,0,3,0
21,0,9,1,2,1,0,3,6416,3,1,0,12,1,15,0,0,0,2,0
53,0,9,4,2,1,0,3,10977,1,3,1,43,2,35,0,0,0,1,0
21,1,5,0,1,0,1,1,5056,1,0,1,35,1,83,0,0,0,3,0
36,0,3,4,1,4,1,1,7407,2,3,1,14,1,55,0,0,0,2,3
48,1,7,0,2,1,0,2,4231,3,3,0,48,2,34,1,0,0,2,0
54,0,32,4,1,3,0,2,8048,2,2,0,34,1,81,1,0,0,2,0
56,0,40,4,2,4,1,2,11556,2,2,0,1,2,66,0,0,0,0,2
51,0,4,3,1,1,1,0,5148,3,1,1,28,1,33,0,0,0,0,2
50,1,42,4,0,1,0,3,8576,1,0,1,13,1,90,0,0,0,3,1
22,1,10,0,2,0,0,1,3657,3,2,1,59,0,56,0,0,1,0,3
57,0,44,2,1,0,0,1,9327,2,0,0,60,2,86,0,0,0,2,2
44,0,13,4,2,2,0,2,9286,1,0,1,85,0,58,0,0,0,0,0
23,0,13,0,2,1,1,3,5204,2,0,0,1,0,29,0,0,0,1,1
29,1,11,0,0,1,1,3,4340,0,0,1,52,0,65,1,0,0,2,1
20,1,6,2,2,0,1,2,7159,0,0,0,58,1,46,1,0,0,2,2
52,0,38,2,2,1,0,0,9095,3,3,0,7,0,52,0,0,0,0,0
50,0,32,1,2,3,0,3,9236,2,3,0,85,1,91,0,0,0,2,1
28,0,9,2,0,0,2,1,7300,2,3,1,34,1,70,0,0,0,2,0
46,0,21,3,1,0,2,4,5960,1,3,0,20,1,43,0,0,0,1,2
53,1,11,0,0,1,0,1,4426,3,3,1,60,1,17,0,0,0,2,3
53,1,19,2,1,3,0,2,8156,1,1,0,95,1,82,0,0,0,1,2
36,1,23,2,2,1,0,5,10711,0,2,0,98,2,39,0,0,0,2,1
28,0,16,3,1,1,1,0,5334,1,3,1,12,0,18,0,0,1,3,2
25,1,3,0,2,2,2,3,3929,2,1,0,95,0,8,0,0,0,0,2
27,1,10,4,0,3,1,1,6657,3,0,0,32,1,81,0,0,0,3,1
43,0,20,4,2,1,0,0,8913,2,0,0,42,1,86,0,0,0,1,2
44,0,9,1,0,1,1,1,8667,2,0,1,32,2,64,1,0,0,2,1
19,0,9,4,2,3,0,1,9870,1,2,0,65,0,21,0,0,0,1,1
38,0,2,0,1,1,1,0,3787,0,3,1,98,1,77,0,0,0,3,1
36,0,17,3,2,3,0,1,6482,0,0,1,68,2,75,0,1,0,2,2
48,0,8,2,2,3,0,2,7856,2,0,0,10,2,13,0,0,0,2,2
40,1,26,3,2,0,2,1,6051,2,3,1,24,0,70,0,0,1,2,0
22,0,4,2,1,1,0,2,8766,3,2,0,25,2,80,0,0,0,1,0
25,0,14,0,0,3,0,1,4038,0,1,0,74,1,83,0,0,0,1,1
41,1,33,0,1,2,1,3,4297,0,2,1,59,2,109,0,0,0,3,3
38,1,24,0,1,0,2,0,5534,2,1,0,13,1,29,0,0,0,2,2
22,0,2,3,2,0,0,5,5955,2,2,0,47,1,55,0,0,0,2,2
55,0,17,0,0,3,1,3,5487,1,0,1,45,2,82,0,0,0,3,2
43,0,28,3,0,1,0,0,5564,0,1,1,23,1,73,0,0,1,2,1
23,1,15,4,0,4,2,0,9718,2,0,0,93,2,43,1,0,0,1,0
51,1,32,3,1,2,1,0,5824,2,0,0,48,0,51,0,0,0,2,2
26,0,2,4,1,1,1,1,9116,2,0,1,22,0,29,0,0,1,3,2
41,0,4,2,0,2,1,2,9352,1,3,1,98,0,47,0,0,1,0,3
30,0,12,2,2,0,1,4,8113,1,3,0,96,2,34,0,0,0,2,0
28,1,14,1,0,3,1,1,5048,1,0,1,69,1,88,0,0,0,3,2
45,1,28,0,1,2,1,1,2873,2,0,0,64,0,101,0,0,0,2,2
37,0,13,2,2,0,2,1,7777,0,0,1,58,1,47,0,0,0,2,1
58,0,44,2,1,1,2,1,7978,2,0,1,39,1,108,0,0,1,2,1
24,1,2,1,1,1,0,0,9987,0,2,0,44,2,78,0,0,0,3,1
22,0,4,1,1,0,0,4,6795,2,0,0,59,1,79,0,0,0,0,1
45,1,16,3,2,4,1,0,6414,1,2,0,95,1,75,0,0,0,1,0
27,0,1,0,2,1,1,3,5463,2,2,0,61,2,20,0,0,1,2,1
35,0,11,4,2,1,2,0,9531,1,3,0,46,2,74,0,1,0,3,1
43,0,22,0,2,3,2,0,4664,1,0,0,7,1,54,0,0,0,2,1
52,1,28,1,2,1,2,1,9017,2,3,0,69,2,62,1,0,1,2,1
30,0,13,4,1,2,1,1,6827,1,0,0,69,2,38,0,0,0,0,2
19,1,8,4,1,1,1,3,8092,0,1,0,57,2,83,0,0,1,1,1
57,1,11,4,0,1,1,0,9116,0,0,0,21,2,53,0,0,0,3,1
48,0,37,3,0,3,2,2,6036,0,0,1,34,0,105,0,0,1,2,2
19,0,1,0,1,3,0,0,2727,0,2,1,38,1,74,0,0,0,3,2
25,0,12,4,1,0,1,4,12144,2,2,1,47,0,46,1,1,1,2,1
48,0,4,2,0,1,0,0,9329,2,1,1,43,1,68,1,0,0,2,1
27,0,1,1,2,2,2,0,10032,3,2,0,84,0,9,0,0,0,0,0
22,1,8,2,1,3,0,2,9171,1,2,0,98,1,30,0,0,0,2,1
45,1,24,0,1,0,1,0,5099,3,0,0,35,1,98,0,0,0,1,0
18,0,4,3,1,2,1,1,5745,0,0,0,71,1,82,0,0,1,3,1
33,1,23,0,1,3,1,4,3683,1,0,0,16,2,81,0,0,0,2,1
22,0,12,0,2,0,0,0,4831,0,1,1,55,1,31,0,0,1,2,1
37,1,24,3,1,1,0,4,5860,2,1,0,45,0,78,0,0,0,2,2
29,0,18,1,2,0,0,3,12311,2,0,0,76,1,19,0,0,1,1,1
41,1,7,1,0,2,1,0,8121,1,2,1,84,1,52,0,0,0,2,2
23,0,5,1,1,0,0,2,10183,2,0,0,23,0,7,0,0,0,2,2
20,0,3,1,0,0,1,0,7513,2,1,0,11,1,29,0,0,0,1,0
54,1,45,1,1,0,1,3,6768,1,2,1,81,2,66,0,0,0,0,2
33,1,7,2,2,1,0,1,6885,2,0,0,45,0,13,0,0,0,2,1
38,1,24,0,1,1,1,4,4245,2,1,0,24,1,43,0,0,0,3,3
33,1,3,4,0,2,1,1,8701,2,0,1,27,1,30,0,0,0,1,2
31,1,2,1,0,0,1,3,7155,1,1,0,26,1,52,0,0,0,3,3
57,0,14,0,1,0,2,6,5795,2,0,0,3,1,83,0,0,1,1,2
39,1,22,1,1,0,1,0,11378,1,3,0,21,0,77,1,0,0,0,2
29,1,14,2,0,3,0,2,8479,2,0,0,9,1,22,0,0,1,0,2
21,1,4,4,2,2,2,0,10298,2,0,0,28,1,53,0,0,0,1,1
27,0,19,4,1,3,0,3,10195,1,2,1,98,1,35,0,1,0,2,2
41,0,29,3,1,1,1,0,5106,0,0,1,23,2,89,0,0,0,3,3
45,1,27,4,2,1,2,1,10661,0,3,0,53,2,55,0,0,0,2,2
36,0,6,3,0,1,1,0,6081,0,0,1,78,1,9,0,0,0,3,0
58,0,34,4,1,2,2,0,12036,0,0,0,3,1,42,0,0,0,2,0
49,1,38,4,2,1,0,4,11692,1,0,1,47,1,41,0,0,0,2,1
45,1,5,1,1,1,1,2,6834,1,0,0,8,1,17,0,0,0,0,2
59,0,8,3,1,4,1,1,5962,1,0,0,88,0,79,1,0,0,2,0
57,0,3,0,1,0,2,0,4957,2,2,1,6,1,73,0,0,0,1,3
32,0,16,4,1,1,2,3,10192,2,2,0,78,2,76,0,0,0,1,1
23,0,10,2,1,3,1,2,8070,1,1,0,11,2,55,0,0,0,3,1
47,1,32,2,1,0,1,1,6012,1,0,0,77,0,58,0,0,0,1,3
27,0,8,0,2,3,0,3,4382,0,1,0,2,2,16,0,0,0,1,0
27,1,14,2,2,0,1,0,8523,2,1,1,92,1,15,0,0,0,2,0
45,0,16,0,0,3,0,1,5138,2,0,0,82,1,67,1,0,0,2,1
59,0,21,2,0,3,0,0,8057,2,0,0,50,1,87,0,0,0,2,2
27,1,2,0,2,1,1,0,6311,3,0,0,67,0,40,0,0,0,1,0
50,0,17,1,0,3,0,4,8196,1,3,0,10,1,81,0,0,0,2,0
33,1,16,0,0,1,1,0,3760,0,3,1,94,1,69,0,0,0,1,0
42,0,31,4,2,3,0,1,9697,0,3,0,34,0,109,0,0,0,0,2
31,1,10,4,1,1,2,3,11790,1,2,0,12,2,69,0,0,0,1,0
51,0,11,3,1,0,1,2,6240,3,0,1,84,0,44,1,0,0,2,3
48,1,1,4,2,1,0,3,10135,3,0,1,13,2,72,0,0,0,2,2
34,0,9,1,2,0,1,2,7678,2,0,0,54,1,56,0,0,0,2,0
43,0,34,2,1,4,1,1,6686,2,3,0,88,1,57,1,0,0,2,0
27,0,2,0,2,1,1,1,4024,1,0,0,34,0,33,1,0,0,2,2
42,0,33,0,1,1,0,4,4945,0,2,1,57,1,107,0,0,0,2,2
19,0,10,1,1,3,2,3,6299,1,0,0,59,0,55,1,0,1,2,2
59,1,15,2,1,3,1,2,8437,2,1,0,77,1,59,0,0,0,1,2
19,0,9,3,2,2,1,4,5865,1,1,0,50,2,19,0,0,1,2,0
58,0,22,2,0,1,2,0,7998,1,3,0,1,0,71,0,1,0,1,2
52,1,14,2,2,0,0,4,7586,2,0,1,92,0,74,0,0,0,3,0
39,1,17,4,1,2,1,3,8598,2,1,0,2,0,86,0,0,1,2,3
37,1,26,3,0,0,1,4,5169,3,0,0,19,1,69,0,0,1,1,2
28,0,17,4,2,1,1,2,6977,2,0,0,68,1,67,0,0,0,2,2
39,0,27,1,2,0,2,4,7422,2,0,0,69,1,104,0,0,1,2,1
21,1,5,2,1,0,2,0,8080,1,3,0,58,2,78,0,0,0,3,2
51,1,14,4,0,1,0,1,6370,2,3,0,26,0,26,0,0,0,3,2
47,0,17,2,0,1,1,1,8684,2,0,0,56,0,89,0,0,0,2,1
31,1,10,1,1,1,0,2,8351,1,0,0,53,0,28,0,0,0,2,2
38,1,9,0,1,2,1,1,4084,1,0,0,14,2,34,0,0,0,3,2
32,1,6,1,2,2,2,5,6231,0,3,0,41,1,55,1,0,0,2,1
37,0,4,4,2,1,0,1,11074,0,0,0,24,1,40,0,0,0,3,1
19,1,1,0,2,0,0,1,3882,2,0,0,1,2,34,0,0,0,2,2
48,0,34,1,2,4,0,0,6552,2,0,0,6,2,97,1,0,0,1,1
58,0,14,2,2,4,1,0,5790,0,0,1,87,2,71,0,0,0,2,0
56,1,23,4,2,1,2,0,11551,3,3,0,31,1,71,0,0,0,1,2
44,1,17,1,2,0,2,2,4065,2,0,0,31,1,37,1,0,0,3,2
55,0,14,2,1,0,1,4,7569,3,0,1,75,1,38,0,0,0,1,1
27,0,14,4,1,2,1,1,8960,2,0,1,77,1,83,0,0,0,1,1
28,0,5,4,1,1,0,0,10641,2,0,0,41,1,11,0,0,0,2,1
30,1,3,2,1,3,1,1,8510,2,0,0,11,1,70,1,0,0,1,0
53,1,41,0,1,3,1,4,4373,1,0,1,91,1,53,0,0,0,3,2
44,0,33,2,2,0,1,2,7908,2,3,1,8,2,74,0,0,0,2,1
25,0,2,2,1,0,0,2,6690,1,1,1,14,1,25,1,0,0,2,2
22,1,7,3,1,2,1,0,5754,2,2,0,80,1,70,0,0,0,3,1
50,0,13,4,1,3,0,3,8607,1,2,1,93,1,66,0,0,0,1,2
59,1,47,0,1,0,0,6,3193,1,0,0,13,1,85,0,0,0,2,1
52,1,28,2,1,3,2,4,9825,1,0,1,30,1,46,1,0,0,3,2
35,1,10,0,1,3,0,3,4387,2,0,1,19,2,20,0,0,0,0,0
49,0,19,3,2,0,0,0,6166,1,0,0,59,2,70,0,0,1,2,0
58,0,39,4,1,2,0,2,9512,0,2,0,58,2,95,0,1,0,1,1
28,0,15,4,1,0,0,0,10776,2,2,0,97,1,58,0,0,0,0,1
52,0,40,0,1,2,1,0,4675,2,0,0,38,0,61,1,0,0,2,2
27,1,2,1,2,2,0,2,10996,1,0,0,58,1,59,1,0,0,2,2
55,1,38,0,2,1,1,1,4782,2,0,0,6,2,66,0,0,0,2,2
52,1,43,2,0,1,2,3,8652,2,1,0,45,2,89,0,0,0,2,1
48,1,3,0,1,0,0,3,4013,2,3,1,74,1,33,0,0,1,2,2
47,1,17,2,1,3,1,0,10209,1,3,0,54,1,74,0,0,0,3,0
47,1,16,4,0,3,2,0,10379,3,0,0,55,2,33,0,0,0,3,1
50,0,17,0,1,2,1,2,5879,2,0,0,2,1,68,0,0,0,2,2
52,0,40,3,0,3,0,0,5424,1,3,1,40,1,85,0,0,1,3,2
29,1,19,0,2,2,0,2,2961,0,0,0,63,1,73,0,0,1,1,3
20,1,6,2,1,0,2,1,8591,3,0,0,3,0,40,0,0,0,2,0
44,1,18,0,1,3,2,1,4223,2,0,0,49,1,24,0,0,0,3,2
34,1,1,2,1,1,0,1,8844,2,0,1,27,0,69,0,0,0,2,1
57,0,33,2,1,2,1,0,6508,0,3,0,10,0,52,0,0,1,3,1
40,0,31,1,1,3,0,0,5871,1,2,0,96,1,36,0,0,0,2,2
49,1,19,2,2,3,0,1,7769,1,0,0,23,2,24,0,1,0,2,2
25,1,10,4,1,2,0,2,12341,2,2,1,76,0,49,0,0,0,1,2
48,1,31,3,1,3,1,3,6713,1,1,0,28,0,47,0,0,1,2,2
32,1,12,0,2,1,1,2,5563,1,3,0,35,2,74,0,0,0,3,2
55,0,14,2,1,3,1,2,8023,2,0,1,58,1,52,0,0,0,2,0
39,1,20,4,1,1,0,2,11757,2,0,0,31,2,77,1,0,0,0,1
37,0,11,3,1,0,0,0,5869,0,2,0,96,0,42,0,0,0,2,1
43,1,9,3,2,1,1,5,6082,2,0,1,36,1,79,0,0,0,1,1
22,1,10,2,2,3,0,1,7490,1,0,0,9,2,23,1,0,0,2,1
38,1,30,2,2,0,1,1,8877,0,0,0,72,1,97,0,0,0,2,1
34,1,12,1,1,0,1,2,7910,0,1,0,36,2,86,0,0,1,0,0
18,1,4,3,2,1,0,0,4869,2,1,0,89,1,41,1,0,0,2,1
39,0,12,2,2,0,0,1,7682,3,0,0,6,1,81,1,0,0,1,0
49,1,8,2,2,0,2,1,7209,2,1,0,17,2,79,0,0,0,2,0
42,1,33,4,1,3,0,1,10155,2,2,1,89,1,96,1,0,1,3,2
46,0,9,0,1,1,2,1,4237,1,2,1,36,0,20,0,0,0,3,2
25,1,13,1,1,1,1,5,11821,2,0,0,14,2,71,0,0,1,2,0
53,1,24,1,2,2,1,3,6138,1,1,1,85,0,66,1,0,0,2,2
18,0,3,0,2,1,1,4,5293,1,1,0,21,1,64,0,0,0,2,1
32,1,2,4,1,4,1,2,9025,0,0,1,76,2,13,0,0,1,2,1
46,0,34,0,1,3,0,3,4628,2,0,0,69,0,95,1,0,0,2,1
20,0,9,0,2,0,0,1,5367,3,2,0,84,1,13,0,0,0,3,1
54,1,24,0,2,4,1,1,4474,2,0,0,24,1,36,0,0,1,2,3
42,1,28,0,1,0,1,0,4399,2,0,0,70,2,35,0,0,0,1,0
30,0,6,1,2,1,0,0,9907,2,1,1,70,1,82,0,0,0,2,0
24,0,6,1,1,2,1,3,5418,1,3,0,86,2,17,0,0,0,0,0
46,1,31,0,2,1,0,3,5574,2,3,0,21,1,55,1,0,1,3,1
51,1,33,0,2,3,2,5,4499,0,2,0,29,1,38,1,0,1,2,0
29,1,6,4,0,1,1,0,5732,0,0,1,7,2,84,0,0,1,2,1
51,0,24,4,1,2,0,1,6934,1,0,1,18,0,78,0,0,1,1,2
23,1,5,2,1,2,0,1,8978,2,1,0,35,1,43,1,0,0,0,2
49,0,20,3,1,0,1,1,6290,1,3,0,3,0,91,1,0,1,2,0
45,1,22,3,2,1,0,3,5179,1,1,0,59,0,61,0,0,0,2,0
22,1,5,0,2,4,0,4,4154,1,2,0,87,1,32,1,0,0,0,3
33,0,21,0,0,0,0,3,3739,2,0,0,50,1,29,0,0,0,2,0
30,1,3,4,0,3,2,0,9566,2,3,0,74,2,75,0,0,0,2,0
58,0,14,0,1,2,2,4,3875,2,3,0,78,0,28,0,0,0,3,0
48,1,31,1,1,0,1,4,9144,1,0,0,67,1,77,0,0,0,3,0
19,1,2,3,1,0,0,1,6625,2,2,0,91,2,11,0,0,0,2,1
27,1,16,0,1,0,1,6,4336,2,0,0,72,2,70,1,0,1,2,0
59,1,35,4,2,3,2,0,8382,2,0,1,90,1,87,0,0,0,3,1
45,0,18,2,2,1,1,2,8670,2,0,0,76,2,84,0,0,0,2,0
38,0,13,3,1,2,0,1,5939,3,0,0,77,1,72,0,0,0,2,2
50,1,5,3,2,1,0,1,5792,2,0,0,72,2,66,0,0,0,2,0
35,1,7,4,1,3,2,0,7168,0,2,1,38,2,18,0,0,0,2,1
53,0,39,0,1,2,1,3,5674,1,1,0,51,1,68,0,0,0,2,0
46,1,3,2,1,3,2,0,8264,0,1,0,68,1,11,0,0,1,2,1
36,1,28,4,1,0,0,2,8329,2,3,0,8,0,36,1,0,0,2,1
27,0,16,4,1,0,1,1,9477,1,3,1,48,1,44,0,0,0,1,1
36,0,21,1,1,1,0,0,6079,0,2,0,99,1,42,0,0,0,1,2
44,0,8,3,1,2,1,1,6817,1,0,0,2,1,52,0,0,0,2,0
56,1,23,1,0,1,0,2,10312,1,2,0,11,2,87,0,0,1,3,2
24,1,4,4,1,0,0,1,9794,2,3,0,13,1,56,0,0,0,2,0
59,0,9,1,2,3,2,3,8360,2,0,0,77,0,67,0,0,1,0,1
50,0,25,4,1,2,2,2,10349,1,0,0,16,2,26,0,0,0,2,0
27,1,11,2,1,2,0,0,7860,3,2,0,28,1,45,0,0,0,3,2
54,0,28,2,1,0,1,0,8206,2,2,1,99,1,77,0,0,1,1,2
28,0,4,4,1,3,1,3,9266,2,3,0,29,1,12,1,0,0,2,2
59,1,43,2,1,4,0,0,7347,2,3,0,34,2,89,0,0,0,2,1
22,0,4,2,1,2,2,2,8770,3,0,0,23,2,64,0,0,0,2,1
20,1,9,2,2,1,0,4,8200,2,0,1,38,2,82,0,0,0,1,2
35,0,13,2,2,2,0,0,7646,1,2,1,40,1,62,0,0,0,2,2
25,0,4,3,2,1,2,1,6274,0,3,0,22,1,58,0,0,0,2,0
35,0,11,2,2,0,0,1,8032,2,3,1,43,1,25,0,0,1,3,1
30,1,9,0,1,0,1,5,4438,2,0,0,44,0,39,0,1,0,2,2
24,0,9,2,1,0,1,2,9079,3,0,1,99,2,45,0,0,0,2,1
53,0,24,1,1,2,0,0,10905,1,0,0,87,1,79,1,0,0,2,3
28,1,20,1,1,1,1,1,10513,2,0,0,73,1,94,0,1,0,3,2
49,0,8,2,2,1,0,0,8653,1,2,0,10,1,37,0,0,0,2,1
24,1,6,3,1,3,2,1,5668,3,2,0,28,1,79,0,0,0,2,0
40,1,19,0,2,3,0,2,4063,2,2,0,47,1,32,0,0,0,3,1
41,0,27,1,2,1,1,1,9404,2,0,0,66,2,59,0,0,0,2,0
58,1,11,2,1,1,1,2,8232,3,0,1,51,0,41,0,0,0,3,0
26,0,15,2,2,2,1,0,7246,1,1,0,84,0,19,0,0,0,3,0
49,0,15,4,2,1,0,1,10624,2,1,0,47,1,90,0,0,0,3,1
28,1,13,1,2,4,2,2,9098,3,0,1,37,2,26,0,0,1,3,1
58,1,34,1,2,2,2,3,8661,2,0,1,68,1,39,0,0,1,3,1
55,1,17,2,1,3,0,0,8608,2,0,0,9,1,27,0,0,0,2,1
31,1,6,2,2,1,0,0,9586,3,0,0,81,2,62,0,0,0,3,0
24,1,9,4,0,0,0,3,9284,2,1,0,15,2,23,0,0,0,1,1
37,1,2,2,1,0,0,3,7963,2,3,0,67,0,50,0,0,0,2,1
40,1,22,3,1,3,1,3,6351,0,0,0,25,2,29,1,0,0,3,1
52,0,6,2,1,4,1,0,7330,3,1,0,5,1,42,0,0,1,2,2
50,0,24,3,0,0,1,0,5097,3,0,0,52,2,97,0,0,0,2,1
30,0,22,4,2,0,0,2,9894,3,1,0,87,2,65,1,0,0,0,2
46,1,2,2,1,1,0,0,8932,2,1,1,27,1,23,0,0,0,2,1
35,0,5,2,1,0,0,2,8452,0,2,0,42,1,25,0,0,0,3,0
22,0,13,4,2,1,1,3,8787,2,1,0,57,2,72,0,0,1,2,0
53,1,16,2,0,1,1,0,6961,2,3,1,38,2,39,0,0,0,1,1
53,0,6,4,2,1,2,0,10998,2,2,0,15,2,30,0,0,0,1,0
47,1,23,2,2,1,2,1,7247,2,2,0,83,0,83,0,0,0,2,1
39,1,14,0,2,3,1,3,5423,1,0,0,86,0,90,1,0,0,2,1
39,0,15,4,1,0,0,2,10330,2,0,0,69,0,47,0,0,0,2,1
51,1,42,2,2,1,1,0,8145,0,0,0,33,1,66,0,0,0,2,0
40,1,15,0,1,1,1,3,4846,3,0,1,44,1,58,0,0,0,1,1
24,0,6,4,1,1,2,4,11684,0,2,1,38,1,29,0,0,0,2,0
38,0,3,3,1,1,1,4,6553,2,0,1,94,0,18,0,0,0,1,3
26,1,14,0,1,2,0,1,3627,0,1,0,43,0,61,0,0,1,1,0
58,0,13,4,1,4,2,0,9683,3,2,0,98,1,24,0,0,0,2,1
26,0,1,4,1,0,2,0,8859,0,0,0,62,2,49,0,0,0,2,0
40,1,4,4,1,3,1,3,8102,1,0,1,34,2,11,0,0,0,1,1
51,1,29,0,2,0,2,4,4718,1,2,1,68,2,98,0,0,1,2,2
52,1,41,1,0,1,1,1,7431,1,0,0,38,1,116,1,0,0,0,2
50,1,12,4,0,1,2,1,8537,2,2,0,4,2,62,0,0,0,1,1
21,1,13,0,0,3,1,2,4936,2,0,0,16,2,70,0,0,1,1,2
59,0,46,4,1,2,0,0,10716,2,0,0,19,2,59,1,0,0,2,2
54,1,35,0,1,2,1,2,3570,2,0,0,69,1,98,1,0,0,0,1
20,1,5,1,1,0,1,0,12627,3,3,1,91,0,13,0,0,0,0,0
42,1,17,4,2,0,1,1,11563,2,3,1,11,1,68,1,0,0,1,2
57,0,46,1,2,0,1,0,11188,2,0,0,35,1,84,1,0,0,1,2
43,0,6,2,1,0,2,1,7674,3,0,0,67,0,53,0,0,0,2,2
19,1,9,0,2,3,2,1,3969,0,3,0,65,1,83,0,0,0,3,1
53,0,2,3,1,1,1,2,6459,2,3,0,9,2,60,0,0,0,2,0
27,1,10,1,1,0,2,0,7946,3,3,0,46,2,18,1,0,1,1,1
47,1,25,3,1,1,2,1,5767,1,1,0,15,2,98,0,0,0,1,0
40,0,13,3,1,3,1,0,5990,1,0,0,43,2,81,0,0,0,2,0
56,0,24,0,1,0,2,1,4473,0,3,0,86,1,94,0,0,0,2,0
28,1,12,1,2,1,0,3,8980,2,2,0,85,1,21,0,0,0,2,2
40,1,5,0,2,3,1,0,4708,1,0,0,82,1,24,0,0,1,3,0
37,0,23,4,1,3,0,3,6828,0,1,0,49,1,45,1,0,0,2,2
53,1,11,3,2,0,1,2,6184,1,0,0,27,2,14,0,0,0,1,0
45,1,26,0,0,3,1,0,5479,3,0,0,54,1,86,0,0,0,2,2
20,0,5,1,0,3,0,1,12883,2,3,0,16,1,46,0,0,0,2,2
49,1,39,0,1,3,2,2,3938,2,3,1,51,1,74,0,0,0,2,3
45,0,5,1,2,1,0,1,9897,1,2,0,16,1,82,1,0,0,2,1
52,1,19,3,0,3,0,0,6139,1,3,0,68,2,92,0,0,0,3,1
52,0,31,3,2,3,1,1,6968,1,2,0,28,1,100,0,0,0,2,0
51,1,8,2,2,3,2,0,6919,0,0,1,70,1,68,0,0,0,0,1
47,0,38,3,2,1,0,3,5995,1,0,0,53,0,40,0,0,0,2,2
26,1,1,4,1,3,2,0,8419,1,3,0,47,0,15,0,0,0,2,2
48,1,18,0,2,0,0,0,4046,2,0,0,8,2,94,1,0,1,2,1
20,1,11,4,1,2,0,1,10133,1,0,0,18,1,29,0,0,1,1,1
40,1,12,0,2,2,1,0,5289,0,3,0,66,1,56,0,0,1,2,1
44,1,33,2,1,3,1,1,6646,1,3,1,93,1,66,1,0,0,3,2
20,1,11,4,1,2,2,1,9070,1,0,1,71,1,62,0,0,0,3,2
56,1,29,4,0,2,0,3,9055,2,1,0,10,2,34,1,0,0,2,1
56,0,22,2,2,1,0,4,6936,3,0,0,95,2,33,1,0,0,2,2
19,1,7,4,1,2,0,3,11852,0,0,0,23,0,19,0,0,0,0,0
56,1,28,2,1,1,2,1,7579,3,0,0,81,2,77,0,0,1,3,2
33,0,24,2,2,1,0,5,7385,1,0,0,88,2,91,0,0,0,0,1
39,0,16,2,1,0,0,4,8779,1,3,1,3,2,55,0,0,0,2,1
43,1,35,4,1,0,0,2,9938,0,2,0,11,1,43,0,0,0,0,2
46,1,38,2,2,2,1,1,7522,1,0,1,31,0,104,0,0,0,1,0
25,0,10,3,2,3,1,3,6205,0,1,0,50,1,74,0,0,0,3,2
44,1,16,3,1,0,2,3,6150,3,2,0,33,1,55,0,0,0,0,1
43,0,11,4,1,2,1,1,8286,1,0,0,71,1,60,0,0,0,0,1
54,1,13,3,1,4,1,3,5707,0,0,1,97,1,38,1,0,0,1,0
29,1,16,2,1,0,2,4,7513,2,2,0,73,0,19,1,0,0,2,0
33,0,3,2,2,0,1,2,7551,2,3,0,42,2,50,0,0,0,2,3
57,1,13,0,2,1,0,0,5692,0,0,0,73,0,41,0,0,0,1,0
40,0,28,1,1,1,0,3,5872,2,0,1,97,2,48,0,0,0,2,1
29,1,13,0,1,0,1,0,4293,1,0,0,90,1,63,0,0,1,1,2
34,1,7,4,1,1,1,1,7932,1,0,0,12,0,65,0,0,0,2,1
30,1,15,1,1,3,0,3,14014,1,0,1,66,1,75,0,0,0,2,0
44,0,31,3,0,1,0,6,6341,1,0,0,14,2,104,0,1,0,3,0
34,1,23,4,0,1,2,0,9287,1,0,1,50,0,25,0,0,0,2,0
31,1,14,3,1,0,1,2,5493,1,2,1,92,1,38,0,0,0,2,0
40,0,8,4,0,1,0,4,12102,1,3,1,12,1,46,0,0,0,3,1
28,0,16,2,1,3,0,3,8273,3,0,0,44,2,72,0,0,0,0,0
55,1,34,3,2,3,0,0,5044,0,2,1,16,1,57,0,0,0,2,1
59,0,16,2,2,3,0,3,9228,1,2,0,19,2,89,0,0,0,2,1
39,1,9,1,2,0,0,2,6564,1,3,0,31,0,60,0,0,1,0,1
48,1,11,2,1,0,2,4,8305,0,2,0,82,1,80,0,0,0,2,2
20,0,4,2,2,2,0,0,9068,0,0,0,85,2,53,0,0,0,2,1
47,0,34,0,2,2,0,3,5034,1,3,0,88,1,42,0,0,0,2,1
34,1,7,4,0,1,1,1,10000,2,2,1,8,1,75,0,0,0,1,1
27,0,2,1,1,3,1,2,9661,1,0,1,90,0,8,1,0,0,0,0
58,1,40,4,1,0,1,0,10184,2,0,0,48,1,113,1,0,0,2,1
22,0,8,0,1,1,1,0,4250,0,1,0,51,0,42,0,0,0,1,2
51,1,14,3,1,1,1,1,6968,2,0,0,43,1,67,1,0,0,3,0
26,1,6,0,1,0,0,0,4553,3,3,0,50,1,63,0,0,0,3,2
27,0,9,0,2,3,0,0,5809,1,0,0,52,2,53,0,0,0,1,2
53,1,26,2,1,1,1,5,7434,0,0,1,8,1,101,0,0,0,2,0
18,1,7,2,1,1,1,1,7170,2,3,1,39,1,46,0,0,0,3,2
22,0,2,4,1,0,0,4,9228,3,0,0,67,2,33,0,0,0,3,1
58,1,1,0,1,3,1,1,6196,1,2,0,22,2,10,0,0,0,2,2
34,1,5,0,2,1,1,4,4441,0,0,0,90,0,64,0,0,0,2,2
35,1,9,3,0,1,0,1,6453,1,3,0,48,0,64,0,0,0,1,1
54,1,8,0,1,1,1,2,3982,2,0,0,10,2,46,0,0,0,2,0
45,1,28,4,2,1,0,4,8017,2,3,0,83,2,60,0,0,0,2,1
46,1,1,1,0,1,0,1,8140,2,1,0,17,1,59,0,0,0,3,0
49,1,30,2,2,0,1,0,9871,1,0,0,35,1,42,0,0,0,2,2
38,0,11,1,2,4,0,0,8493,3,0,1,54,0,12,0,0,0,2,0
32,0,12,0,2,0,2,4,4507,1,1,1,30,1,75,0,0,0,1,2
43,0,26,4,1,0,1,3,6598,2,3,1,72,0,75,1,0,0,3,0
48,1,30,4,1,0,2,2,8422,1,0,0,67,1,35,1,1,0,3,1
31,1,3,0,1,1,2,0,3493,3,2,0,10,0,74,1,0,0,2,2
26,1,11,3,1,0,2,3,5496,1,0,0,83,0,90,0,0,0,3,2
18,1,10,4,1,3,1,0,10638,1,0,0,32,1,11,0,0,0,2,0
58,0,42,4,2,3,0,1,8577,0,3,1,6,2,49,0,0,0,2,1
24,1,5,0,0,1,1,0,3900,2,0,0,26,1,30,1,0,0,2,2
42,1,18,2,1,2,2,0,8226,2,0,0,9,0,80,0,0,0,1,1
38,1,8,2,2,3,1,0,9767,2,2,0,39,1,45,0,0,1,2,2
48,1,25,2,0,3,1,0,8677,1,2,0,10,1,37,1,0,0,3,2
34,1,17,0,1,1,0,4,4612,1,0,0,76,1,78,1,0,0,2,2
40,0,14,4,2,1,0,4,6481,3,3,1,44,1,26,0,1,1,3,1
20,0,10,1,1,0,0,4,9730,2,0,0,17,2,60,0,0,0,1,2
55,1,9,3,2,4,0,2,6576,2,0,0,14,0,49,0,0,0,1,0
22,0,1,4,0,1,1,3,8937,3,0,0,64,2,14,0,1,1,2,1
48,1,13,4,1,0,1,0,10816,2,1,1,76,0,23,0,1,0,2,2
28,0,9,3,2,2,0,1,6694,0,0,1,68,0,33,0,1,0,3,2
38,1,18,2,1,0,1,4,7774,2,3,0,2,0,27,1,0,0,2,2
53,1,13,3,0,4,1,1,5991,2,0,0,24,1,57,0,0,0,1,2
25,0,12,0,2,3,0,1,5510,1,2,1,31,1,22,0,0,0,1,2
28,0,12,3,2,4,1,0,5812,2,0,1,90,2,26,0,1,0,3,2
40,0,6,0,1,1,1,0,4921,0,0,0,94,0,18,0,0,0,2,0
42,0,20,1,2,0,0,0,7477,0,0,1,21,1,62,0,0,0,1,0
59,1,29,0,2,0,1,0,4498,3,0,1,48,1,83,0,0,0,2,0
25,0,6,1,1,3,1,5,7573,3,0,0,29,2,71,0,0,0,2,1
26,0,9,0,0,1,0,2,3728,1,0,0,7,1,63,1,0,0,2,2
48,0,23,0,2,1,0,1,6066,2,1,0,65,1,63,0,0,0,1,1
51,1,7,4,1,0,0,4,9181,1,0,0,71,2,48,1,0,0,3,1
58,0,50,2,2,1,0,4,7608,0,3,0,6,0,107,0,0,0,3,1
50,1,34,1,1,3,2,2,11846,3,0,0,99,2,41,1,0,1,0,2
55,0,4,2,2,0,0,0,9191,2,1,0,18,1,32,0,0,0,1,1
55,1,16,3,2,3,0,1,5572,2,0,0,52,1,80,0,0,0,2,1
28,1,2,4,1,1,1,3,8031,1,0,0,62,1,72,0,0,0,0,1
25,0,5,3,2,1,1,1,5849,0,2,0,73,0,43,1,0,0,2,2
42,0,31,3,0,0,2,0,6219,3,0,0,95,1,110,0,0,0,2,1
26,0,8,1,1,1,0,0,10227,3,2,1,55,1,9,0,0,0,2,0
44,0,2,0,1,1,0,2,3729,0,3,1,38,1,62,0,0,0,0,2
40,1,5,3,1,0,2,6,5719,2,1,0,43,1,32,0,0,0,2,1
47,0,17,3,0,2,0,6,6267,1,0,0,35,2,91,1,0,0,2,1
51,1,8,2,1,0,0,2,8625,0,2,0,88,0,78,0,0,0,2,1
42,1,11,4,1,2,2,0,10189,2,0,1,21,1,69,0,0,0,1,2
45,1,13,3,1,0,2,1,6904,2,0,0,8,1,24,0,0,0,3,0
48,1,14,3,2,1,1,1,5941,1,0,0,50,0,89,0,0,0,1,1
25,1,12,3,1,3,2,4,5657,2,0,0,96,2,56,1,0,0,3,1
31,1,22,2,1,2,2,0,8864,2,0,0,40,0,98,0,0,0,2,1
36,0,28,1,2,1,1,2,10119,1,1,0,2,0,83,0,0,0,2,2
29,1,20,0,1,0,0,4,3696,2,0,1,12,2,75,1,0,1,2,1
48,0,35,4,1,4,1,1,9247,0,0,0,4,1,81,1,0,0,2,2
22,1,5,1,2,1,1,0,8520,0,0,1,3,1,51,0,0,0,2,2
21,0,8,3,0,3,2,0,5800,0,0,0,2,0,58,0,0,0,2,1
27,1,4,1,1,2,1,1,8853,2,0,0,36,1,40,0,0,0,2,0
33,0,2,2,1,1,0,4,8746,0,0,0,78,1,37,0,0,0,1,1
43,1,11,1,2,2,0,0,8231,3,3,0,11,0,61,0,0,1,0,3
45,0,18,2,1,3,0,3,8101,0,0,1,30,2,85,0,0,0,2,0
18,1,6,2,1,2,0,0,8853,0,2,0,59,1,16,0,0,0,2,1
37,1,29,3,1,0,0,1,5930,1,3,0,76,0,30,0,0,0,2,2
50,1,14,4,0,0,0,3,8542,3,0,0,87,1,30,0,0,0,0,1
31,0,3,2,2,3,0,0,7588,0,0,0,42,1,40,1,0,0,1,1
29,1,16,0,0,2,0,2,6617,3,0,0,20,1,59,1,0,1,2,1
48,1,16,0,2,3,0,1,4592,0,0,1,19,2,91,0,0,0,2,1
55,0,13,2,1,1,1,0,9639,1,3,0,19,1,47,0,0,0,2,2
50,0,38,1,1,3,2,2,5751,1,2,1,53,1,52,0,0,0,1,2
36,1,7,4,0,1,1,0,9630,3,0,0,32,2,39,0,0,0,1,2
39,0,6,3,1,0,1,3,5505,2,3,1,88,2,8,0,0,0,2,2
52,0,17,0,2,0,1,3,2682,1,3,0,99,0,45,1,0,0,2,0
21,1,6,1,0,3,2,3,12308,0,1,0,59,0,42,1,0,0,3,1
32,0,21,2,1,2,0,0,7104,0,1,0,31,0,25,0,0,1,1,1
32,0,16,1,1,1,0,6,7842,0,0,1,7,2,91,0,0,0,2,0
30,1,9,2,1,3,1,1,6498,3,0,1,34,1,62,0,0,0,2,1
24,0,15,1,1,0,1,1,7233,3,0,0,31,1,61,0,0,0,3,2
43,0,12,0,2,1,1,0,4941,1,0,1,27,1,41,0,0,0,3,1
52,0,21,1,2,0,1,4,9175,1,3,0,80,1,68,0,1,0,2,1
35,0,15,4,2,1,1,1,10518,1,0,0,6,0,26,1,0,1,2,2
33,0,14,4,1,2,1,3,9010,3,0,0,8,0,60,0,0,0,2,2
37,1,5,2,0,2,2,6,8005,1,0,0,39,1,66,0,0,0,2,0
18,0,5,0,2,2,2,0,4309,2,2,0,17,1,59,0,0,0,1,1
38,0,11,2,1,0,0,1,6845,1,0,0,12,2,75,0,0,0,1,1
32,1,17,0,0,1,1,4,5115,3,2,0,25,2,81,0,0,1,2,2
57,0,26,1,1,1,1,4,9657,3,3,0,23,1,102,0,1,1,1,0
49,1,22,3,1,2,1,0,5680,2,0,0,22,2,97,1,1,0,2,0
56,1,16,0,0,0,1,0,3588,2,0,0,64,0,84,0,0,0,2,1
28,1,2,2,1,3,1,4,7179,1,0,0,29,0,30,0,0,0,1,1
21,1,10,2,2,4,1,5,8585,3,3,0,94,0,35,0,0,1,0,2
24,0,16,2,1,0,1,2,8752,1,0,1,68,1,23,1,0,0,3,2
34,0,15,4,0,3,0,0,9909,1,3,0,51,1,64,0,0,0,2,3
24,1,2,1,0,0,1,0,9871,2,0,1,50,1,60,1,0,1,2,2
40,1,4,2,0,1,2,0,7124,2,2,0,96,1,28,1,0,0,2,2
31,0,4,4,1,1,1,0,10584,1,0,1,8,1,60,0,0,0,3,2
28,0,13,3,2,3,1,1,5074,2,0,0,20,2,90,0,0,1,2,2
47,0,18,2,1,0,1,1,7355,2,0,0,26,2,90,0,0,1,2,1
44,1,8,1,1,1,1,2,12388,2,2,0,91,2,30,0,0,1,3,0
28,0,16,4,2,1,1,1,8518,2,3,0,29,2,85,0,0,0,2,0
47,1,27,3,1,0,1,2,6036,1,0,0,74,1,67,0,0,0,1,0
55,1,22,4,0,2,2,1,11413,0,0,1,42,0,65,0,1,0,2,0
27,1,17,3,1,0,0,1,6378,2,0,1,43,0,35,0,0,0,2,0
27,1,15,3,1,1,2,0,5525,1,0,0,20,2,49,0,0,1,2,2
28,1,5,4,1,4,1,1,9137,1,3,1,90,1,47,1,0,1,2,0
40,1,1,3,2,2,2,1,6480,0,3,0,49,1,76,0,0,0,2,1
30,0,9,4,2,4,0,1,10792,3,0,0,67,1,26,0,0,1,2,0
51,1,38,1,1,2,1,0,8523,1,0,1,33,1,109,0,0,0,3,0
24,1,8,3,1,4,1,0,6072,2,1,0,2,1,66,1,0,0,1,0
28,1,5,1,0,0,2,1,8940,0,3,0,6,1,80,1,0,0,2,0
44,0,8,0,0,2,2,5,5183,1,0,0,91,1,9,0,0,0,3,1
27,1,12,0,1,3,1,5,3628,2,0,0,17,1,59,1,0,0,3,1
37,1,29,4,1,2,1,0,9517,1,3,1,71,1,103,0,0,0,2,2
28,0,5,3,1,2,1,6,6363,0,3,0,48,0,41,0,0,0,1,0
45,0,21,1,1,3,2,3,9650,2,0,0,48,1,64,0,0,0,1,1
59,1,49,3,1,1,2,4,5057,1,1,1,91,0,106,0,0,0,2,2
40,1,9,3,0,2,2,3,6553,1,3,0,97,0,32,0,0,0,2,2
33,1,15,2,1,1,1,2,6738,2,0,1,43,2,19,0,0,0,2,2
37,0,10,4,1,1,2,3,10639,0,3,0,13,0,58,0,0,0,1,2
24,0,14,0,1,0,0,1,4592,1,2,0,18,0,66,0,1,0,2,3
34,1,7,2,1,4,1,0,8795,1,0,0,3,1,52,0,0,0,3,2
36,1,27,3,2,0,1,4,6150,3,3,1,44,1,68,0,0,0,3,1
49,1,5,4,0,0,1,4,7292,1,0,1,41,1,56,0,0,0,0,2
54,1,22,3,1,1,2,1,4942,1,3,1,17,2,70,0,0,0,1,2
54,0,6,3,1,2,0,0,6305,3,3,0,25,0,16,0,0,0,2,2
56,0,48,3,2,3,1,3,5527,2,0,0,89,1,78,0,0,0,1,0
25,0,13,4,0,3,2,6,8753,2,0,1,64,1,83,1,0,0,1,2
56,1,32,2,1,2,0,1,6690,0,2,0,35,2,80,0,0,0,1,1
35,1,5,1,1,3,2,1,11639,0,0,1,14,1,12,0,0,0,2,2
21,1,7,4,2,0,0,4,3702,2,1,0,36,0,22,1,0,0,1,0
46,0,10,3,2,4,2,3,5030,2,0,0,13,0,54,0,0,0,3,1
53,1,15,4,0,0,0,0,9512,1,2,1,50,0,42,0,0,0,2,2
38,1,14,3,1,1,1,2,5733,0,3,0,12,1,62,0,0,0,3,0
46,0,36,4,1,3,1,0,12832,1,0,1,21,2,47,0,0,1,2,1
23,1,1,2,1,0,0,1,7289,2,3,1,9,1,12,0,0,0,3,1
42,1,20,4,1,0,0,1,7490,1,0,1,62,1,49,0,0,1,1,2
36,1,27,3,0,1,0,1,5867,3,2,0,66,1,102,0,0,0,1,1
22,1,12,0,2,3,1,1,5544,0,0,1,1,0,20,0,0,0,2,0
36,1,23,2,1,1,1,0,8545,1,0,0,31,1,88,0,0,0,3,1
51,0,32,3,1,1,0,5,6109,1,0,0,64,2,66,1,0,0,0,1
59,1,33,4,2,0,1,5,7064,1,0,0,93,2,86,1,0,0,2,0
29,0,18,2,1,0,1,0,8015,0,1,1,20,1,75,0,0,0,2,1
34,0,18,4,1,0,1,2,10348,0,2,1,91,0,21,0,0,0,2,2
26,0,14,0,1,2,1,3,3812,0,0,1,13,1,76,0,0,0,0,2
38,1,14,1,1,1,1,3,8892,3,3,0,21,2,63,0,0,0,3,0
18,1,10,4,2,3,1,5,7568,0,2,1,32,0,22,0,1,0,2,3
38,1,3,0,2,0,2,1,4138,0,0,0,87,1,69,0,0,0,2,0
59,0,30,0,0,1,2,4,5434,1,0,1,2,2,68,0,0,1,1,1
20,0,5,2,0,1,1,0,8267,1,3,1,53,1,13,0,0,1,2,0
40,0,21,0,2,0,1,1,3005,1,0,0,28,1,40,0,0,0,1,0
50,1,5,1,0,4,1,3,7456,2,3,0,46,1,6,0,0,1,0,0
35,0,9,4,2,1,1,0,9924,1,0,1,99,0,81,0,0,0,2,0
36,0,14,4,0,3,0,5,10230,0,2,0,94,1,89,0,0,0,1,2
37,1,14,4,2,1,2,1,6557,1,0,0,70,2,57,0,0,0,3,2
59,0,19,2,2,1,1,0,7940,1,0,0,66,1,21,0,0,0,2,2
52,0,31,2,2,3,1,3,7818,1,0,1,39,1,32,0,0,0,0,1
20,1,3,0,2,0,1,0,3400,2,3,1,88,1,68,0,0,1,0,0
58,1,39,2,2,1,1,2,7592,1,2,0,16,0,84,0,0,0,1,1
25,0,8,4,1,1,2,1,9599,2,3,1,98,2,13,0,0,0,2,1
40,0,20,4,1,3,1,5,8787,3,0,1,93,0,82,1,0,0,1,2
18,0,2,0,1,4,0,3,3772,2,2,0,86,0,32,0,0,0,2,1
26,0,10,4,1,0,1,2,9870,3,0,1,12,2,74,0,0,0,0,1
21,1,11,1,1,1,2,1,10637,0,3,0,84,0,52,0,0,0,3,2
31,0,23,4,1,1,0,3,8083,2,2,0,5,1,94,0,0,0,2,2
53,1,41,1,2,3,0,4,8332,3,0,0,24,1,47,0,0,0,2,0
58,1,36,0,2,2,0,4,4261,2,0,0,75,0,63,0,0,0,3,0
54,1,29,4,0,0,1,0,9860,0,3,0,23,1,48,0,0,0,0,1
23,0,5,0,1,2,2,4,4756,0,0,1,44,1,35,0,0,0,2,2
37,0,23,1,0,0,0,2,5094,2,0,0,91,1,47,0,0,0,1,3
48,0,34,2,1,0,0,0,8011,0,0,0,85,2,70,0,0,0,2,2
42,1,18,0,2,2,0,0,4552,2,3,0,2,0,29,1,0,0,2,0
28,0,17,0,1,1,1,2,4530,1,1,1,97,2,21,1,0,1,2,1
47,0,35,0,1,0,1,4,3239,1,2,1,91,2,53,0,0,0,3,0
26,1,1,2,1,1,0,1,8471,0,2,1,27,1,37,0,0,0,2,1
59,0,22,1,2,1,1,1,5078,2,0,0,78,2,49,0,0,0,1,0
51,1,29,3,0,1,1,1,5221,3,0,1,23,1,48,1,0,0,2,2
52,1,36,0,1,0,2,1,3930,3,2,1,55,1,73,0,1,1,1,0
27,1,4,3,1,2,0,1,6204,2,2,1,42,0,55,0,0,0,3,2
48,0,13,1,1,0,1,4,7512,2,2,0,88,0,31,0,0,0,2,1
43,1,17,4,1,0,0,1,9447,3,0,0,51,0,39,0,0,0,2,1
55,1,8,1,1,3,1,4,12985,1,3,0,41,1,22,0,0,0,1,1
40,0,15,3,1,2,0,2,5976,2,0,0,74,2,76,0,0,0,2,1
25,1,7,0,1,1,0,3,4417,1,0,1,13,2,59,0,0,1,3,1
53,1,19,4,2,1,0,4,11433,1,1,0,71,0,94,0,0,0,3,2
40,1,27,0,1,2,1,4,5126,2,0,0,94,2,68,1,0,0,1,1
49,0,22,2,0,1,1,2,8327,3,2,0,73,2,78,0,0,0,2,3
48,1,27,0,1,0,2,4,3547,2,0,0,36,1,51,0,0,0,2,2
37,1,11,2,2,2,0,2,9501,2,0,0,39,2,54,0,0,0,1,1
19,0,5,0,2,1,2,2,5535,2,0,1,40,1,66,1,0,0,2,1
50,1,13,4,0,1,1,6,8756,1,0,1,70,1,72,1,0,0,1,2
19,0,6,4,1,2,0,1,11433,0,3,0,79,1,61,0,0,0,2,1
38,0,10,2,1,0,2,1,9253,3,0,0,53,1,39,0,0,1,1,1
41,0,16,4,2,1,1,0,9865,0,0,0,39,2,92,0,0,0,2,1
47,1,23,4,0,0,1,1,12776,1,0,1,20,1,87,0,0,0,3,2
39,1,1,0,2,2,1,2,4228,1,0,1,51,2,42,0,0,0,2,2
19,1,7,1,2,1,0,1,3498,2,0,0,36,1,57,0,0,0,3,1
21,1,3,0,0,1,1,0,4027,0,3,1,81,1,32,1,0,0,2,1
54,0,7,1,0,4,1,2,7187,2,2,0,86,1,29,0,0,1,2,0
57,1,7,3,0,3,1,2,6155,2,3,0,91,1,68,1,0,1,3,2
23,1,3,0,0,0,0,1,5367,0,0,0,47,2,7,0,0,1,2,0
28,1,6,3,1,3,1,1,6120,1,0,0,86,0,69,0,0,0,2,1
18,1,4,4,2,1,1,2,8693,1,0,0,94,1,64,0,0,0,3,2
19,0,8,1,1,2,0,2,7970,0,3,0,63,0,41,1,0,0,3,2
32,1,5,4,2,3,0,6,7864,0,1,1,47,1,20,1,0,0,1,0
51,1,4,0,2,3,1,1,5041,2,0,0,5,1,82,0,0,0,2,3
37,0,14,2,1,0,0,1,6876,1,0,1,4,0,48,0,0,0,3,1
47,1,1,4,2,2,2,0,9605,2,0,0,69,0,16,0,0,0,1,0
47,1,15,1,1,2,1,0,9999,2,0,1,64,1,63,1,0,0,1,2
35,0,24,2,2,4,0,4,7473,1,3,0,93,2,89,0,0,0,1,1
35,1,17,0,0,2,1,4,3221,1,0,0,7,1,37,0,0,0,2,2
43,0,32,3,0,1,0,0,5775,1,0,1,54,0,72,0,0,0,0,0
19,1,2,4,0,2,2,4,9500,0,3,0,49,1,61,0,0,0,2,1
30,0,17,4,2,1,0,0,4446,2,0,1,21,2,84,1,0,0,2,1
52,1,39,2,1,2,1,5,9124,1,0,0,59,2,95,0,0,0,3,2
49,0,16,2,2,3,0,3,7065,3,0,0,89,1,47,0,0,0,3,0
44,1,11,1,0,0,1,3,5731,1,2,0,34,0,28,0,0,1,2,1
21,1,1,4,2,1,2,0,11399,2,0,1,24,2,41,0,0,1,1,1
33,1,20,2,2,2,0,0,7339,0,0,0,5,1,24,0,0,1,3,0
18,1,4,0,1,2,1,0,3911,1,2,0,6,1,25,1,0,0,1,3
39,1,13,2,0,3,0,0,8976,2,0,0,82,1,25,0,0,0,2,2
28,1,17,4,2,0,1,0,9867,2,1,0,14,1,69,0,0,0,2,0
54,1,8,1,0,3,2,3,9601,2,3,0,62,1,81,0,0,0,3,0
46,1,20,2,2,2,0,0,9297,3,1,0,62,0,53,0,0,1,1,0
33,1,3,4,0,3,2,0,11679,0,2,0,33,0,41,0,0,0,3,2
58,1,40,2,1,1,1,3,8058,2,3,0,92,1,63,0,0,0,1,1
27,0,11,0,1,2,1,1,4027,1,2,0,77,1,80,0,0,0,2,2
39,0,6,3,1,1,1,2,6260,1,0,0,77,1,85,0,0,0,2,0
43,1,23,1,2,3,1,1,9481,2,3,0,11,2,78,0,0,0,2,1
39,1,23,3,1,1,0,0,6179,1,0,0,5,2,91,0,0,0,1,0
58,0,29,3,2,2,1,0,5219,1,0,0,53,2,84,0,0,0,2,2
24,0,13,2,1,4,0,1,6994,2,2,1,25,0,49,0,0,0,3,1
33,0,4,2,2,0,0,2,7635,1,0,1,70,1,26,0,0,0,2,2
41,0,20,3,2,1,0,1,6124,2,2,0,51,1,55,0,0,0,0,2
27,0,9,2,2,2,1,0,7359,0,0,0,35,1,50,0,0,1,2,2
44,1,19,1,2,1,1,4,7290,0,2,0,95,0,21,0,0,1,0,0
30,1,19,0,2,1,0,1,4641,2,0,0,32,1,70,0,0,0,3,1
56,1,43,3,0,0,0,0,5832,0,3,1,8,1,73,0,0,0,2,2
50,1,29,4,1,1,0,1,5906,1,3,0,76,1,96,0,0,1,2,1
48,0,20,0,1,3,1,3,4615,0,0,0,37,0,57,1,0,0,1,1
18,1,6,0,0,1,0,3,3555,2,0,0,78,0,52,0,0,0,3,2
51,1,43,4,1,1,1,0,9406,0,0,0,57,0,118,0,0,0,3,1
19,1,4,4,2,2,0,2,11764,0,1,0,27,0,80,0,0,0,3,1
35,1,17,2,1,1,1,0,7625,2,0,0,26,0,31,0,0,0,2,0
46,0,5,2,2,0,1,3,7867,3,1,0,55,1,41,0,0,0,3,2
55,0,14,4,2,1,1,1,10299,2,0,0,4,0,58,0,0,0,2,0
20,1,12,0,2,0,0,3,3152,2,3,1,97,1,56,0,1,0,1,0
29,0,11,1,2,3,0,2,9306,1,0,0,51,0,45,0,0,0,0,1
51,0,8,2,2,3,0,0,8151,2,3,0,1,1,33,0,0,0,1,1
48,0,11,0,1,0,1,4,5150,2,0,0,39,0,20,0,0,0,2,3
45,0,21,4,2,1,0,3,7112,3,0,0,85,1,23,0,0,0,2,1
20,1,9,4,2,0,0,2,8661,3,0,0,3,1,79,0,0,0,2,1
52,1,44,4,2,1,2,4,7486,1,2,1,36,1,79,1,0,0,2,2
36,1,10,1,2,1,2,0,9233,2,0,1,89,1,19,0,0,0,2,2
40,0,1,3,0,3,0,2,6005,2,3,1,58,2,64,0,0,0,1,0
57,1,36,3,1,3,0,4,5796,0,0,0,11,1,63,0,0,0,2,1
45,0,13,2,2,2,0,0,7324,0,0,0,95,2,46,0,0,0,3,1
34,0,24,4,2,3,1,1,9917,1,0,0,60,2,49,1,1,0,1,1
57,1,17,4,1,1,1,1,13038,0,1,0,80,1,43,0,0,0,2,2
34,0,9,3,1,3,1,0,5624,2,3,0,99,0,72,0,0,0,1,2
28,1,11,3,1,1,1,0,5681,2,1,0,84,1,30,0,0,1,1,2
43,0,18,2,1,0,2,3,7295,3,0,1,92,1,70,0,0,0,2,1
44,1,35,2,1,0,2,4,7838,1,0,0,19,2,53,0,0,0,0,0
30,0,1,2,2,0,0,1,10162,2,2,0,59,0,9,0,0,0,2,1
22,1,5,0,1,2,0,4,3872,3,0,0,88,2,31,0,0,0,2,0
45,0,28,1,2,0,0,1,3208,0,3,0,31,1,56,0,0,0,2,3
25,0,5,0,1,2,0,1,5821,0,3,1,18,1,7,1,0,0,2,1
26,1,10,0,2,2,1,4,4885,1,0,1,70,2,89,0,0,0,3,2
43,1,18,4,1,0,1,0,8540,1,0,1,17,2,59,0,0,1,2,0
44,1,16,4,2,3,2,3,8238,1,0,0,4,0,82,0,0,1,3,1
31,0,2,4,2,0,1,0,9197,1,0,0,40,1,75,0,0,0,2,1
39,1,4,3,0,0,0,2,5752,1,2,1,28,1,35,0,0,0,0,3
42,1,16,1,1,0,0,0,11050,2,0,0,18,2,88,1,0,0,1,2
37,1,11,1,2,1,1,2,7147,2,3,1,14,2,77,1,0,0,2,0
54,1,46,4,1,0,1,1,9297,2,1,0,52,1,106,0,1,1,2,2
45,1,29,0,1,1,0,0,4335,1,2,0,69,1,70,0,0,0,2,0
53,1,16,2,2,3,2,1,7969,0,0,1,28,1,93,0,0,0,2,2
35,1,21,4,0,0,2,1,10167,2,2,0,9,0,27,0,0,1,2,0
36,1,5,4,1,1,2,2,9079,2,2,0,54,2,83,0,0,0,3,1
23,1,5,1,1,3,0,0,9548,2,0,0,91,1,10,0,0,0,2,1
22,0,13,4,2,3,0,3,11406,0,2,1,30,1,90,0,0,0,2,0
23,1,2,0,1,0,0,0,4375,0,0,0,50,1,81,0,0,0,2,2
53,0,19,4,1,1,1,4,9331,0,0,1,48,2,79,0,0,0,1,3
43,0,16,4,1,1,0,1,8302,1,3,0,78,1,71,0,0,0,1,2
38,1,29,0,1,0,2,0,4579,3,0,0,49,1,71,0,0,0,3,0
50,1,34,2,2,1,2,0,7020,3,3,0,88,2,77,0,0,1,2,0
30,0,15,1,1,1,1,0,6913,3,0,0,39,2,18,0,0,0,2,2
38,0,24,0,1,3,2,5,4099,2,2,0,80,1,25,1,0,0,3,1
51,1,8,4,1,3,0,2,7995,2,0,1,45,1,30,0,0,1,3,1
20,1,2,4,1,1,0,0,10165,3,0,1,25,2,62,1,1,0,2,1
54,0,44,0,0,0,1,1,4766,3,0,0,30,1,89,0,0,0,2,0
49,0,3,1,1,0,2,0,10293,1,2,1,60,0,72,0,0,1,1,2
25,1,17,0,1,3,0,2,5284,2,0,0,92,0,93,0,0,1,0,1
24,0,9,4,1,2,2,1,7566,2,1,0,84,1,70,0,1,0,2,1
36,1,12,2,2,1,0,1,9258,1,3,0,68,2,63,0,0,0,3,2
51,1,25,4,1,2,0,0,8831,2,0,0,69,0,51,0,0,1,1,0
39,1,30,4,2,1,1,0,8493,2,0,0,44,1,88,0,0,0,3,1
31,1,2,1,2,3,0,0,5468,2,2,1,99,1,21,0,0,0,0,0
36,1,13,3,2,2,1,1,5874,1,0,0,16,1,40,0,0,0,2,0
37,0,27,0,1,0,0,1,4414,0,0,0,33,0,47,0,0,1,3,1
55,1,23,2,2,1,0,1,8153,3,0,0,85,0,74,0,0,0,2,1
35,0,1,4,2,3,0,5,9960,2,2,0,86,2,25,0,0,0,2,2
53,0,8,1,0,3,0,0,7846,1,0,0,26,1,42,0,0,0,2,0
24,1,8,0,1,2,2,1,5652,2,0,0,76,2,23,0,0,0,1,2
49,0,29,1,2,4,0,1,6992,3,3,0,65,2,43,0,1,0,3,2
18,0,5,3,1,0,1,0,6485,2,0,0,16,1,28,0,0,0,1,0
31,1,9,3,2,2,1,1,5898,3,0,0,23,2,83,0,0,0,2,2
24,0,7,4,1,2,0,0,10273,0,3,0,30,1,76,1,0,0,1,0
20,0,5,3,0,0,0,1,6163,2,0,0,16,1,48,0,0,0,2,2
20,0,9,0,2,3,0,2,5690,1,2,0,58,2,85,0,0,0,2,1
52,1,10,4,1,0,0,4,9008,2,1,0,99,0,73,0,0,1,2,2
49,0,39,0,2,0,0,0,4272,1,0,0,54,2,118,1,0,0,3,2
30,1,22,2,1,0,1,2,6513,2,3,0,81,1,42,0,0,1,2,2
45,1,28,4,2,0,0,2,8117,2,0,0,17,0,56,0,0,0,0,1
32,0,12,1,1,1,0,4,10460,1,0,0,99,1,72,0,0,0,2,2
40,0,15,4,0,0,1,1,10300,2,0,1,55,1,91,1,0,0,2,1
34,0,20,4,2,2,1,1,7656,1,2,0,17,2,71,0,0,0,2,0
53,1,32,2,0,1,1,6,6045,2,0,0,85,2,46,1,0,1,2,1
34,1,13,1,0,1,0,2,13099,0,0,0,64,2,53,0,0,0,3,1
38,1,7,4,2,3,0,0,8947,2,3,0,76,1,30,0,0,0,1,3
42,1,3,4,1,2,2,1,8275,2,3,1,31,1,64,0,0,0,2,2
35,0,22,3,2,3,1,1,6674,1,1,0,63,0,30,0,0,0,1,0
21,0,4,3,1,4,1,4,5812,2,0,0,66,1,65,0,0,0,2,0
28,1,13,0,2,0,0,1,3952,0,2,0,31,1,59,1,0,0,1,0
31,0,23,0,1,1,1,2,4508,2,0,1,34,1,25,0,0,1,0,0
54,0,11,4,2,3,0,3,8745,2,3,1,27,1,34,1,0,0,3,1
44,1,11,4,1,1,0,0,8350,2,0,0,9,2,46,1,0,0,0,1
18,1,8,4,1,2,1,0,7388,1,0,0,8,1,69,0,0,0,2,2
42,0,29,2,1,3,0,1,10568,3,1,1,89,2,74,0,0,0,2,2
53,0,2,4,0,0,2,3,8366,3,3,1,3,2,50,0,0,0,2,0
30,1,11,2,2,1,2,3,7943,1,1,0,75,1,25,1,0,1,1,0
37,1,18,2,1,3,0,2,8066,3,0,0,76,1,59,1,1,0,2,2
46,1,12,1,1,1,1,3,7931,1,0,1,4,1,54,0,0,0,0,2
48,0,12,4,0,0,1,3,8358,0,0,0,42,2,53,0,0,0,1,2
43,0,24,0,2,3,2,4,3757,3,0,1,50,1,77,0,0,0,2,0
33,0,20,2,2,1,1,2,7265,1,0,0,40,2,86,0,0,0,3,1
37,1,7,4,2,2,0,0,10390,0,2,0,1,1,9,0,0,0,1,2
45,0,31,3,0,3,0,3,5947,2,0,1,87,1,98,0,0,0,2,2
44,0,13,4,2,0,1,2,8512,2,3,1,49,2,78,0,0,0,3,0
31,0,20,1,2,0,0,3,6265,1,0,0,90,1,89,0,0,0,1,1
57,1,7,4,1,1,0,2,9352,0,0,0,72,2,70,1,0,0,0,1
44,1,19,2,2,1,1,1,9443,1,2,0,91,1,92,1,0,0,2,0
39,0,27,4,1,2,1,3,8878,2,2,0,32,2,85,0,0,0,2,1
28,0,16,3,1,3,2,1,5778,0,0,0,42,1,46,0,0,0,2,0
51,0,5,3,2,3,0,0,5723,2,3,0,44,2,12,0,1,0,2,1
24,0,9,1,1,0,0,2,7998,3,2,0,26,1,14,0,0,0,2,0
22,0,2,3,1,4,2,0,6615,2,0,1,64,2,47,0,0,0,2,2
19,0,9,4,1,4,1,0,6969,0,2,0,61,2,65,0,0,0,1,2
27,1,12,1,2,1,1,3,5732,0,2,1,23,1,80,0,0,0,2,1
39,1,15,4,2,0,0,1,6793,1,0,0,30,0,17,0,0,0,1,0
23,1,1,1,2,1,0,3,5637,0,0,1,96,2,29,0,0,0,2,2
34,0,18,0,2,1,1,3,4328,0,0,0,20,2,57,0,0,0,1,0
50,0,22,2,1,3,2,1,7193,2,3,0,88,0,26,0,1,0,3,1
27,0,18,0,2,1,1,1,5413,1,0,0,78,1,34,0,0,0,2,1
20,0,9,0,1,3,0,2,4634,3,1,0,84,2,64,0,0,1,3,0
56,0,13,2,1,2,0,0,9834,3,2,0,26,2,37,0,0,0,1,0
59,0,46,2,1,0,0,2,6860,2,3,1,49,2,122,0,0,0,3,0
48,0,29,0,0,3,2,0,4677,1,0,0,99,1,107,0,0,0,1,3
25,0,14,2,1,3,2,1,8671,0,3,1,91,1,92,1,0,0,1,0
48,1,35,2,1,3,0,0,5601,0,2,1,91,0,100,0,0,0,2,0
19,1,1,0,1,3,0,0,3553,1,1,1,25,2,72,0,0,0,2,3
58,1,17,0,2,2,1,0,4317,2,0,0,1,0,45,0,0,0,2,0
26,0,3,3,1,0,1,2,5864,0,3,1,23,1,74,1,0,0,2,2
26,1,10,0,1,3,1,0,5604,2,0,1,29,1,47,0,0,1,2,1
30,0,6,4,1,1,1,1,12276,1,3,0,43,2,7,1,0,0,2,2
20,1,10,4,1,3,2,2,9443,1,3,1,77,2,24,1,0,0,0,3
53,1,32,2,1,1,2,0,8035,1,3,0,74,1,43,1,0,0,1,0
27,0,18,2,1,1,1,1,6185,0,3,0,45,1,22,0,0,1,3,2
33,0,16,0,1,1,1,0,4636,2,2,1,12,1,55,0,0,0,2,1
44,1,2,3,0,0,0,0,6225,1,3,1,74,1,21,0,0,0,1,0
33,1,18,4,1,0,1,0,7998,3,2,0,37,2,67,0,0,0,2,0
45,0,27,4,2,2,0,1,7554,0,2,0,55,1,87,0,0,0,3,1
52,0,13,0,1,2,1,2,3953,0,2,1,62,2,53,0,0,0,1,1
42,1,14,2,2,1,1,4,10055,1,2,0,26,1,70,0,0,0,0,2
43,1,24,1,1,3,0,2,11374,1,0,1,43,1,76,0,0,0,0,2
30,1,12,2,1,4,2,1,7818,2,0,1,1,0,77,1,0,0,0,1
57,1,6,4,1,1,0,5,11917,2,2,1,93,1,46,0,0,0,2,0
45,1,36,2,2,2,1,0,7921,1,0,0,7,1,61,1,0,0,3,3
59,1,51,2,0,2,1,2,8250,0,1,0,17,1,57,0,0,0,2,2
32,1,8,4,0,2,1,0,10211,0,0,1,60,0,27,0,0,1,2,2
59,0,29,4,1,3,1,2,8871,2,1,1,37,1,31,1,0,0,2,3
19,1,10,3,1,2,2,1,6536,0,0,1,3,2,61,0,0,0,2,1
50,1,17,0,1,3,0,3,4340,1,3,0,60,1,69,0,0,0,3,1
44,0,13,4,1,4,0,1,8588,1,2,0,27,1,42,1,0,0,3,2
31,1,1,4,2,2,0,3,9977,1,0,1,52,1,54,1,0,0,3,0
44,1,31,4,2,0,1,4,9691,1,2,0,65,1,64,1,0,1,2,2
48,1,37,0,1,3,0,0,4468,0,0,0,28,1,42,0,0,0,3,0
28,0,15,2,1,1,1,3,11097,2,1,0,31,1,68,0,0,0,2,1
23,1,13,1,1,0,0,2,8174,3,2,0,79,2,50,1,0,1,0,1
57,1,1,2,1,2,1,2,7752,1,0,0,13,1,55,1,0,0,2,1
34,1,11,1,2,0,0,2,7272,2,2,0,47,0,82,0,0,0,2,2
54,1,12,4,1,1,0,1,10671,2,3,0,56,2,14,0,0,0,2,1
32,1,21,0,0,2,1,1,4664,2,0,0,88,1,50,0,0,0,3,1
29,1,6,4,1,1,1,0,9447,2,2,0,42,1,81,1,0,1,2,2
51,1,16,1,2,2,0,2,8697,2,0,0,48,1,84,0,0,1,2,2
56,1,28,3,1,3,0,2,5456,2,0,0,17,1,64,1,0,1,0,1
19,0,4,0,1,2,1,1,4076,2,0,1,80,2,25,0,0,0,0,0
40,0,12,4,2,2,0,1,6626,0,0,0,23,2,42,0,0,1,2,2
29,0,5,2,1,2,0,0,8117,2,0,1,48,2,56,0,0,1,2,1
37,1,5,2,2,2,1,0,7510,1,2,1,59,0,50,0,0,0,1,1
44,1,22,2,2,1,1,3,7035,3,0,1,92,0,58,0,0,0,2,2
20,0,6,1,2,0,1,4,8622,1,0,1,73,2,82,0,0,0,2,0
59,1,27,4,1,1,0,1,7369,2,0,0,67,0,28,1,0,0,2,1
59,1,29,4,1,1,2,0,10551,2,2,1,57,1,97,0,0,0,2,1
33,1,23,2,0,1,1,0,8626,0,0,0,11,1,89,0,0,0,3,0
31,0,18,2,1,3,0,1,10110,1,0,1,46,1,61,0,0,0,2,1
44,1,5,2,1,2,0,4,7375,2,0,0,20,1,59,1,0,1,2,2
56,1,42,1,2,2,2,0,10418,3,0,0,42,2,76,1,0,0,1,2
41,1,23,1,0,3,0,1,11865,2,3,0,29,1,39,0,0,0,1,1
37,0,28,1,2,2,2,3,9633,2,2,0,75,0,71,0,0,0,3,1
29,0,3,0,1,0,1,2,5320,2,1,0,55,1,50,0,0,0,3,1
57,1,27,4,1,3,0,0,11051,0,0,0,31,1,70,1,0,0,1,2
49,1,18,4,2,2,0,2,7785,2,0,0,19,1,67,0,0,0,2,1
44,0,4,2,1,1,1,0,7546,2,0,0,66,2,78,0,0,1,1,0
38,1,6,1,2,0,1,1,5843,3,0,1,49,0,57,1,0,0,2,3
57,1,42,0,2,0,0,0,5030,2,0,0,59,1,85,1,0,0,1,2
34,1,10,3,0,3,1,1,5701,3,1,0,50,1,27,0,0,0,1,2
29,0,18,0,2,0,1,1,4465,1,0,1,45,1,84,0,0,0,1,0
59,1,5,4,2,3,1,2,9107,2,3,1,32,0,79,0,0,0,3,1
57,1,32,0,1,2,0,3,4808,1,1,0,25,1,80,0,0,0,3,2
23,1,3,4,2,3,0,2,6192,1,0,0,93,2,19,0,0,0,2,1
20,0,1,4,1,2,1,3,9189,0,3,0,97,1,62,0,0,0,2,0
40,0,12,0,1,1,0,4,6567,2,0,0,95,1,53,0,0,0,2,0
51,0,31,3,2,1,1,4,6315,1,3,1,59,2,55,0,0,0,0,2
38,0,29,1,1,2,2,2,7872,2,0,0,32,1,73,0,0,0,0,2
58,0,13,4,1,1,0,1,9731,3,1,0,16,1,67,0,0,1,3,2
24,1,6,0,1,3,0,2,4205,1,1,0,23,1,78,0,0,0,2,2
18,0,1,3,2,1,0,4,6245,2,2,0,37,2,67,0,0,0,3,1
30,1,8,0,1,0,0,2,5076,0,0,0,18,0,63,0,0,0,2,0
34,1,22,4,2,0,2,2,9868,3,0,0,92,2,85,0,0,0,3,2
35,1,7,0,1,3,2,3,4412,2,0,1,82,1,57,0,0,1,2,2
37,1,12,4,1,0,0,1,9984,2,3,0,10,2,88,0,0,0,0,1
21,1,5,4,1,0,1,3,9296,2,3,0,79,2,61,0,0,0,2,2
52,0,33,2,1,0,1,1,7991,2,3,0,15,2,99,0,1,0,0,0
28,1,12,0,2,2,2,1,4099,0,0,0,30,0,82,1,0,0,1,1
42,1,9,0,2,1,1,3,5222,1,2,0,50,2,55,0,1,0,1,2
48,1,39,2,2,1,2,0,7436,2,2,0,26,2,56,0,0,1,0,1
33,1,15,2,2,3,0,1,7243,1,0,0,23,1,94,1,0,0,2,1
32,1,1,1,2,2,1,3,8682,2,0,0,52,1,22,1,0,0,3,1
58,0,31,2,1,0,2,1,8612,1,0,0,33,1,59,0,1,0,2,2
58,1,11,4,2,1,0,3,6189,0,0,0,6,2,79,0,0,0,3,2
43,0,11,3,1,2,2,2,5574,2,2,1,18,1,26,0,0,0,0,0
35,0,9,4,1,1,0,4,8653,2,0,0,80,2,56,0,0,0,1,1
38,0,15,4,2,3,2,4,9797,3,1,0,26,2,19,0,0,0,3,0
34,1,12,1,2,1,0,1,8274,2,3,1,67,1,36,0,0,0,3,1
27,1,1,1,1,3,0,0,5964,1,0,0,45,1,14,1,1,0,0,1
46,1,19,2,1,3,0,0,7555,2,0,1,93,2,92,0,0,0,3,0
32,0,24,1,2,2,2,0,8120,1,1,1,26,1,46,0,0,0,2,0
44,1,6,2,1,0,0,2,8792,3,2,1,43,0,34,0,0,0,2,2
44,1,27,4,2,2,0,3,9894,1,0,0,32,0,43,0,0,0,2,3
41,0,17,1,2,3,0,1,4102,0,3,1,11,1,82,0,0,0,2,1
23,1,8,2,1,0,1,0,11019,0,0,1,26,1,53,0,0,0,2,1
25,0,17,2,2,0,2,3,7421,0,0,0,72,1,67,0,0,1,1,1
32,1,7,4,2,2,1,4,11341,3,2,0,2,1,36,0,0,0,2,0
32,1,13,2,2,1,1,1,6960,2,1,1,43,2,68,0,0,1,3,2
30,1,17,0,1,2,2,3,4573,2,0,0,88,0,82,0,1,0,2,2
30,0,6,3,1,3,1,0,5772,1,0,0,41,1,47,0,0,0,2,1
28,1,1,4,1,3,0,4,7782,2,0,0,94,1,56,0,0,0,0,1
56,0,16,1,1,0,2,2,7219,1,0,1,20,2,67,0,0,0,2,0
21,1,10,0,0,3,0,1,5527,1,1,1,4,2,74,0,0,0,2,2
26,1,10,4,1,2,0,1,7624,1,0,0,12,0,14,0,0,0,2,0
36,1,21,2,0,0,0,0,7201,2,3,0,40,2,62,0,0,0,0,1
59,1,38,0,0,0,1,0,3428,2,3,1,96,1,68,0,0,0,3,1
34,0,1,0,1,0,1,1,3108,1,0,1,88,1,37,0,0,0,3,0
56,1,2,2,1,0,0,5,8323,0,3,1,19,1,12,1,0,0,3,2
22,1,4,1,0,0,1,1,8347,2,3,1,12,0,49,0,0,0,1,2
59,1,3,4,1,0,1,4,9967,1,0,0,81,1,11,0,0,0,2,2
23,1,11,4,1,0,0,0,7038,2,2,0,74,0,55,0,0,0,1,1
22,0,14,4,1,1,2,1,12814,2,0,1,7,1,84,0,0,0,3,1
18,1,9,2,1,4,2,3,4428,2,0,0,4,1,82,0,0,0,2,0
20,0,12,4,1,2,0,0,9242,1,3,0,71,2,73,0,0,0,0,1
25,1,17,4,2,1,0,0,7611,2,0,0,74,2,57,0,0,0,1,1
35,0,1,2,2,0,0,1,7172,1,3,1,34,1,60,1,0,0,2,3
41,0,29,4,1,1,0,4,8540,1,0,1,66,0,53,0,0,0,0,0
35,1,7,2,1,0,0,1,5023,1,2,1,22,0,59,0,1,0,3,0
51,0,23,2,1,3,1,6,7415,2,2,1,84,2,55,0,0,0,2,1
20,1,7,4,2,0,1,3,9255,2,1,1,88,2,78,0,0,0,2,2
29,0,10,2,0,2,1,1,8776,1,3,0,96,2,66,0,0,0,2,2
19,0,11,2,1,1,0,1,9056,3,3,0,52,0,14,0,0,0,0,0
47,0,17,4,1,3,0,2,7129,0,1,1,81,1,95,1,0,0,3,2
48,1,9,0,0,0,0,0,4987,1,0,0,92,1,23,0,0,1,2,2
56,0,3,3,1,2,0,1,5262,0,3,0,94,1,66,0,0,0,2,3
44,0,36,4,1,1,0,2,7140,3,3,0,1,0,83,0,1,0,3,1
42,1,13,4,0,1,1,2,10049,3,3,1,13,2,66,1,0,0,2,1
29,1,19,4,2,1,2,0,8078,1,0,0,52,1,44,1,0,0,2,3
36,0,27,1,1,2,0,2,9190,2,0,0,64,1,90,0,0,0,3,0
29,0,18,2,2,3,0,2,8821,2,0,1,35,1,53,1,0,0,0,2
32,1,20,2,1,2,2,1,6768,1,0,0,36,1,38,0,0,0,2,1
18,0,7,0,2,0,0,2,4012,3,2,0,65,0,32,0,0,0,1,1
36,1,13,2,0,1,0,0,8036,0,2,0,78,2,33,0,0,1,3,3
33,1,11,0,1,3,0,1,4048,2,2,0,18,0,64,0,0,0,3,0
21,0,8,3,2,1,1,0,5684,0,2,0,80,1,50,0,0,0,1,2
34,1,13,0,1,0,1,3,4631,1,2,0,34,2,73,0,0,0,1,1
28,1,7,2,2,1,0,1,8517,1,2,1,82,1,28,0,0,0,2,1
51,1,13,0,1,1,1,4,4392,3,0,1,25,0,91,0,0,1,3,1
27,0,12,2,2,1,0,1,8632,1,0,0,54,1,41,0,0,0,2,0
37,1,20,0,1,2,1,1,4204,3,0,0,2,0,79,0,0,0,2,0
28,1,8,4,2,0,2,1,9083,1,2,0,44,1,74,0,0,0,2,1
34,1,25,4,2,3,2,4,7593,3,3,0,47,2,98,0,0,0,2,0
43,0,8,4,0,4,2,3,7578,1,0,0,37,1,22,0,0,1,2,2
27,1,8,4,0,1,2,1,7106,2,0,0,66,2,76,0,0,1,2,1
39,0,30,1,0,3,0,0,8103,2,1,0,64,2,73,1,0,0,1,1
49,0,34,3,1,4,1,0,5689,1,1,0,79,0,100,0,0,0,2,1
52,1,25,1,2,3,1,0,7959,1,3,1,95,1,84,0,0,0,3,3
26,1,1,0,1,2,1,2,5212,2,2,0,54,1,44,0,0,0,0,1
59,1,25,3,2,0,1,0,6036,2,0,1,36,1,91,0,0,0,2,0
54,1,12,2,1,1,1,2,8467,3,3,1,8,2,50,1,0,0,1,0
32,1,3,4,2,2,1,0,8491,1,0,0,89,1,23,0,0,0,0,1
27,1,10,2,2,3,0,1,7718,2,2,1,30,0,26,0,0,0,2,2
25,0,13,0,1,0,2,0,3483,0,3,1,65,2,85,0,0,0,2,1
23,1,6,0,2,0,1,0,3953,2,2,1,55,1,7,0,0,0,1,2
46,0,28,3,2,0,0,4,5519,2,0,0,20,2,64,1,0,0,1,0
56,0,14,4,1,3,1,0,11218,1,2,0,39,1,70,0,0,0,2,1
59,1,16,2,2,2,0,1,7640,3,0,0,61,1,92,0,0,0,1,2
18,0,6,4,1,1,1,1,12573,2,1,0,44,2,13,0,0,0,3,2
22,1,7,2,0,2,1,6,7226,0,2,0,55,1,58,0,0,1,2,0
45,1,13,2,1,3,0,2,8007,1,0,0,80,0,37,0,0,0,2,2
59,1,8,2,2,0,1,4,7069,1,0,0,65,0,26,0,0,0,2,1
59,0,36,4,2,2,0,0,9741,1,1,0,73,1,108,0,0,0,2,1
19,1,8,4,2,3,0,4,8795,0,0,0,63,1,51,0,0,0,2,0
34,1,3,4,2,2,1,1,9043,0,0,0,21,0,52,0,0,0,1,3
48,0,24,3,0,1,1,4,5992,1,0,1,43,2,47,0,0,0,2,3
32,1,11,3,1,1,0,3,6428,2,0,0,94,1,77,0,0,1,2,0
49,1,40,4,0,1,1,1,8126,2,0,1,14,0,73,0,0,1,1,0
57,0,49,0,2,0,2,2,5236,1,3,0,88,0,123,0,0,0,3,1
40,1,5,1,1,1,2,5,6785,1,0,0,51,2,12,1,0,0,2,2
46,0,23,4,0,4,2,1,10389,2,0,1,14,2,29,0,0,0,3,2
29,0,7,2,1,3,1,3,8651,2,0,0,21,2,14,0,0,0,2,2
49,1,8,4,1,3,1,3,9277,0,0,0,41,1,34,1,0,1,2,3
26,1,7,2,2,0,1,1,8563,2,0,0,11,1,84,0,0,0,2,1
48,0,40,4,2,4,2,5,9533,1,2,0,81,1,61,0,0,0,2,2
32,0,13,0,2,4,1,2,3951,3,0,0,56,1,82,0,0,0,2,1
30,1,16,0,1,2,0,1,3376,0,0,0,18,1,54,0,0,1,2,0
24,1,2,4,0,3,1,3,9968,0,3,0,62,2,74,1,0,0,2,2
21,1,1,1,1,2,1,2,7817,3,1,0,75,1,2,1,0,0,2,0
36,0,25,4,2,3,1,1,8301,1,0,0,79,2,61,0,0,0,3,1
32,0,17,2,1,0,0,0,7134,0,3,0,12,2,27,0,0,0,0,0
41,1,15,3,2,3,1,0,5345,1,2,0,43,0,26,0,0,0,1,1
32,1,16,4,2,1,0,5,7630,2,3,0,72,1,62,0,0,0,2,2
24,0,1,2,2,4,0,4,7319,3,0,1,57,0,45,0,0,1,2,1
39,0,31,4,0,4,1,3,8390,2,0,0,45,1,89,0,0,1,0,1
58,0,25,4,1,3,0,2,10256,0,3,0,85,2,77,0,0,0,2,0
54,0,25,1,2,0,0,3,7204,1,3,0,13,2,30,0,0,0,1,0
53,1,27,3,2,2,2,4,6243,2,0,0,18,2,72,0,0,0,0,1
23,1,3,1,1,1,0,2,10837,2,0,0,1,1,22,0,0,1,2,0
30,0,12,0,2,2,0,1,5443,2,0,0,51,2,17,0,0,0,2,2
37,0,19,4,2,0,1,2,10197,2,3,1,46,2,94,1,0,1,3,3
38,0,19,0,2,0,0,1,3638,1,0,0,72,2,95,1,0,0,2,1
41,1,31,2,2,1,1,2,8648,1,0,0,18,1,34,1,0,0,1,0
28,0,9,1,1,2,0,4,9572,1,0,0,89,1,34,0,0,1,2,2
58,1,24,3,1,0,2,3,5816,1,0,1,24,1,57,1,0,0,2,1
27,1,9,1,1,2,1,1,9279,2,0,0,69,1,36,0,0,0,2,3
40,0,5,3,0,1,1,0,6843,0,2,1,8,2,15,1,0,0,2,2
40,1,15,4,2,1,0,1,7437,2,0,1,8,1,69,0,0,0,2,1
29,0,12,4,1,1,0,1,9536,2,2,1,21,1,49,0,0,0,2,0
30,1,14,1,1,1,1,4,7766,2,2,1,16,0,35,0,0,0,3,1
48,0,11,2,2,3,2,2,8543,2,0,0,33,1,13,0,0,0,2,1
53,0,11,0,1,2,1,4,4957,3,0,1,4,2,34,0,0,0,3,2
47,1,8,3,1,1,1,3,5337,2,2,0,7,1,52,0,0,0,0,3
56,1,11,3,2,0,1,1,5570,1,0,1,73,0,46,0,0,0,1,1
27,0,16,3,2,3,1,0,6274,2,1,0,54,1,52,1,0,0,2,2
40,1,16,0,2,1,2,5,4647,3,3,0,6,2,43,0,0,0,0,2
51,1,3,2,0,0,1,0,8690,2,2,0,19,1,51,0,0,0,2,2
34,1,6,4,2,2,0,0,11002,3,3,1,7,2,8,0,0,1,2,1
41,0,2,2,1,3,2,3,10001,2,3,1,36,0,17,1,0,0,3,2
21,1,7,3,0,0,0,0,6606,1,3,0,15,2,58,0,0,0,2,0
49,1,24,1,2,2,0,2,8243,1,0,0,32,1,46,1,0,0,2,0
25,1,10,2,2,3,0,0,8823,1,3,0,40,1,67,1,0,0,2,0
53,1,30,4,1,0,0,0,8922,0,1,0,91,2,40,0,0,0,2,1
33,1,24,0,1,1,0,1,4069,0,3,1,62,1,50,1,0,0,2,1
24,1,8,2,0,0,1,0,8760,3,3,0,15,1,26,0,0,0,2,0
33,0,3,4,1,4,2,1,9750,2,0,1,46,0,53,0,0,0,2,2
43,1,8,4,0,2,0,2,9580,0,3,1,22,2,43,1,0,0,3,2
49,0,8,2,2,1,1,2,8482,3,2,1,24,2,55,0,0,1,0,0
51,1,42,4,1,1,1,2,7737,1,0,1,31,1,47,0,0,1,2,1
33,1,25,4,1,0,0,3,10347,2,0,0,94,1,28,0,0,0,1,2
57,1,33,1,1,0,0,1,7575,2,2,0,59,0,47,0,0,0,2,1
42,1,23,1,1,1,2,6,9977,2,2,1,18,0,70,0,0,0,2,1
46,1,23,2,1,1,1,2,9419,0,3,0,38,0,61,0,0,0,0,0
26,0,12,3,2,3,1,0,5586,0,0,0,64,2,24,0,0,0,2,3
59,1,15,0,1,3,1,2,6353,1,0,0,41,2,61,0,1,0,3,1
39,1,9,1,1,1,1,1,8860,2,2,1,26,1,61,0,0,0,1,2
29,1,19,0,1,0,1,1,5162,3,3,0,63,0,57,0,0,0,1,0
26,0,17,3,0,2,0,1,5769,0,2,0,28,0,64,0,0,0,2,1
48,1,17,0,0,2,0,2,3525,3,2,1,72,1,58,0,0,0,3,0
18,1,2,1,1,3,2,2,10657,1,0,0,4,0,50,0,0,0,1,2
49,1,29,0,1,1,0,0,4920,1,0,1,98,1,40,0,0,0,3,1
28,1,9,0,2,1,0,0,5217,2,0,0,70,0,68,1,0,0,2,1
23,1,7,2,1,3,1,1,7410,2,3,1,45,0,73,1,0,0,2,1
27,0,14,2,2,4,2,1,7121,2,3,1,5,1,86,0,0,0,2,3
29,0,11,2,2,4,2,1,7548,2,0,1,80,1,77,0,0,1,2,0
44,1,32,0,2,2,1,1,3635,3,3,0,88,0,63,0,0,0,2,1
22,0,12,0,2,1,1,5,3635,1,3,0,57,1,61,0,0,1,2,0
29,0,6,0,0,1,2,2,5580,2,0,0,37,1,70,0,0,0,3,0
50,1,3,2,0,1,0,0,8831,1,0,0,2,0,10,0,0,0,2,1
33,1,20,4,2,3,2,3,9083,2,2,0,86,2,93,0,0,0,2,0
34,0,3,2,0,0,0,0,9783,1,0,0,54,1,37,1,1,0,1,2
53,1,2,4,1,1,0,1,10110,3,0,0,14,1,66,0,0,0,3,0
43,1,34,4,1,0,0,0,5635,1,0,1,14,1,80,0,0,0,3,1
41,0,7,2,1,3,1,1,7919,1,3,0,3,1,54,0,0,1,2,0
18,1,4,2,2,2,2,0,7704,1,0,1,61,1,61,1,0,0,3,1
36,0,26,0,0,4,1,0,4200,2,0,0,88,1,37,0,0,0,1,1
29,1,8,4,1,3,1,5,7834,1,3,0,49,1,59,0,0,0,2,1
37,1,4,3,1,0,0,3,6170,1,2,1,4,1,78,0,0,0,1,2
42,1,31,0,2,1,0,2,5250,2,3,0,46,2,49,0,0,0,2,2
52,1,32,0,1,0,0,1,5322,1,0,0,60,1,66,0,0,1,3,0
30,1,8,2,1,1,0,2,7394,1,1,1,33,0,66,0,1,0,2,3
44,0,24,2,1,4,2,4,9182,0,2,1,88,1,90,0,0,0,0,1
24,0,4,1,1,2,0,3,11868,1,3,0,69,1,24,0,0,0,2,0
54,0,33,2,1,3,0,4,7691,0,2,0,10,1,74,0,0,0,2,1
56,1,45,1,2,1,2,4,6629,2,0,0,18,2,72,0,0,0,1,1
34,1,20,4,1,3,0,0,8105,0,0,0,48,2,47,0,0,0,1,2
19,0,10,3,1,3,0,4,5648,1,1,0,93,2,51,1,0,0,2,0
52,0,37,3,2,3,0,1,6732,2,1,0,92,1,81,0,0,0,1,1
57,0,45,3,2,4,0,0,6400,1,1,0,16,1,95,0,0,0,3,3
37,1,9,4,1,2,0,0,5479,2,0,0,84,2,47,0,0,0,3,1
22,0,10,2,2,1,2,0,9249,1,3,0,42,1,65,1,0,0,2,1
46,1,9,1,1,0,1,2,10479,2,0,0,99,1,70,0,0,0,1,1
30,1,3,0,2,0,1,2,5378,1,0,0,97,2,7,0,1,0,0,1
59,0,28,3,0,2,2,0,5479,0,2,0,38,1,97,0,0,0,3,0
50,1,8,2,2,0,1,2,8220,2,0,0,81,0,19,1,0,0,2,2
42,1,2,2,2,2,1,4,9902,2,2,0,16,1,27,0,0,0,0,3
21,0,13,0,1,2,0,3,3623,2,3,0,66,0,49,1,0,0,2,3
42,1,32,2,2,2,1,3,6992,0,0,0,77,1,106,0,0,1,3,1
59,1,32,0,2,3,0,3,4113,0,0,1,48,1,82,0,0,0,2,1
58,1,9,2,1,4,1,1,7712,1,0,0,15,2,24,0,0,0,2,1
36,1,7,2,1,3,1,0,7531,2,3,0,1,1,25,0,0,0,2,1
56,0,5,0,1,3,2,0,4721,0,0,1,89,1,12,0,0,0,2,0
19,1,3,2,2,2,0,1,7152,0,3,0,8,1,9,0,1,0,0,2
24,1,4,0,2,1,0,3,6221,3,0,0,54,2,46,1,0,0,3,1
47,1,24,3,0,0,0,1,5428,0,1,1,93,1,49,0,0,0,2,2
49,1,11,1,1,1,2,4,9717,1,0,0,32,1,39,0,0,0,2,2
53,0,14,0,2,3,2,5,4637,1,0,0,99,2,91,0,0,1,2,1
52,1,23,2,0,1,0,0,8200,3,3,1,21,2,96,0,0,0,2,2
43,1,6,3,1,1,1,1,7001,2,0,0,66,1,14,0,0,0,3,0
47,0,22,4,1,1,1,5,7777,2,0,0,98,1,48,0,0,0,3,0
45,0,27,3,1,0,0,4,5315,2,0,1,74,2,70,0,0,1,3,1
38,1,30,2,0,1,2,2,9571,3,2,0,4,1,79,0,0,0,2,2
48,0,22,4,1,1,1,4,8529,2,1,1,70,1,28,0,0,0,2,0
44,0,24,2,1,3,1,3,8532,1,3,0,28,0,87,0,0,0,3,1
20,1,10,0,0,1,0,0,4660,1,3,1,62,0,82,1,0,0,2,2
50,1,4,0,1,0,2,1,4850,3,2,0,43,0,37,0,0,0,3,1
57,1,3,0,0,2,1,1,4667,1,1,1,43,1,51,0,0,0,1,2
20,0,10,2,2,3,2,2,7700,3,0,0,87,1,71,0,1,0,2,1
55,0,20,4,1,1,0,0,10805,0,0,1,81,2,22,0,0,0,2,1
29,1,15,3,1,2,2,0,5708,0,0,0,64,1,69,1,0,0,3,1
42,1,24,3,1,3,1,4,6098,3,3,1,14,1,34,1,0,0,2,0
52,1,22,1,1,3,1,0,8110,3,3,1,89,0,86,0,0,0,2,1
22,1,5,2,2,1,1,4,9117,2,0,0,7,2,34,0,0,0,0,2
38,0,10,4,1,0,0,0,8544,2,3,1,69,1,22,0,0,0,0,2
56,0,12,2,1,4,0,5,9660,0,0,0,80,2,59,0,0,0,2,1
25,0,3,2,1,1,0,3,8397,0,0,1,36,2,49,1,0,0,3,1
41,0,13,0,0,3,0,0,5294,3,0,0,29,0,79,0,0,0,0,2
18,1,6,2,2,3,2,0,7598,2,0,0,15,1,56,0,0,0,1,1
43,1,35,0,2,3,0,3,3910,0,0,0,81,0,77,0,0,0,1,0
50,1,23,2,1,0,2,2,8197,2,0,0,1,2,97,0,0,1,2,2
30,1,8,2,1,3,0,2,8778,0,0,0,87,1,29,0,0,0,1,1
27,1,14,2,0,0,0,0,8306,0,3,0,41,2,37,0,0,0,2,0
36,1,11,0,1,0,2,0,3074,3,1,0,37,2,67,0,0,0,2,1
55,1,39,2,2,4,1,1,6793,1,1,0,1,1,72,0,0,0,2,0
57,1,21,3,1,3,1,1,6090,1,2,0,27,2,31,1,0,0,3,2
27,0,19,0,1,0,1,0,4354,1,3,0,84,2,60,0,0,0,2,2
24,1,16,4,2,3,1,0,11071,2,0,0,98,2,54,1,0,1,2,1
32,1,15,0,1,3,1,3,5535,2,3,0,37,1,17,1,0,0,1,2
54,1,42,4,1,2,0,2,8156,1,0,0,13,2,57,1,0,0,1,0
24,0,9,4,1,1,1,4,10094,1,3,0,13,1,66,0,0,0,2,2
44,0,21,2,1,2,0,2,7859,1,2,1,79,1,62,0,0,0,2,0
56,1,39,4,1,0,2,2,8411,2,2,1,37,2,97,0,0,0,2,3
58,0,40,4,2,2,1,1,8565,0,0,0,30,1,113,0,0,0,2,1
36,1,1,1,1,1,0,0,7129,2,3,0,53,2,78,1,0,0,3,0
26,0,10,3,1,1,2,0,6056,2,0,0,23,2,19,0,0,0,2,1
22,1,3,2,1,1,1,0,8041,3,2,0,4,0,12,0,0,0,2,3
44,0,32,0,0,2,0,1,4919,1,0,1,1,1,61,0,0,1,2,1
52,1,15,2,1,1,0,5,7529,2,2,0,61,0,34,0,0,0,2,3
59,1,17,2,2,2,1,3,6465,2,0,1,48,0,93,1,0,0,3,2
38,1,24,2,2,0,1,0,7093,2,0,0,64,0,74,0,0,1,0,1
46,0,35,4,0,3,0,3,8978,1,0,0,82,2,61,0,0,1,3,2
36,1,24,2,1,2,2,3,6507,0,3,1,89,2,67,0,0,1,3,0
41,0,4,2,1,3,2,0,7049,2,0,1,39,1,29,0,0,0,2,0
29,1,7,0,1,1,0,3,4734,1,0,0,41,2,58,0,0,1,2,1
22,1,4,2,0,0,1,3,9259,0,2,0,4,2,5,1,0,0,2,1
42,1,11,3,0,3,1,2,6590,2,3,1,94,0,49,0,0,0,2,1
25,1,16,4,1,3,0,2,6763,2,3,0,82,2,87,0,0,1,2,1
53,0,2,3,2,3,0,4,5296,0,0,0,78,0,39,0,0,0,2,3
46,0,29,0,1,2,1,0,4113,3,2,0,44,1,51,0,1,0,3,2
57,0,43,2,1,0,0,0,7169,1,0,0,81,1,69,0,0,1,3,1
33,0,22,3,2,0,0,1,6567,1,0,0,44,1,99,0,0,0,1,0
24,0,13,3,1,2,0,4,6332,3,0,1,73,2,88,0,0,1,2,2
46,1,6,3,1,1,0,1,6007,0,3,0,98,2,11,0,0,0,0,2
18,0,10,0,1,1,1,4,3783,2,0,0,83,2,51,0,0,0,0,3
37,0,19,3,1,3,1,4,6553,2,0,1,67,2,94,0,0,0,2,3
48,0,32,4,1,2,0,0,10119,1,2,0,28,0,106,0,0,0,2,2
21,0,11,4,1,3,1,2,9635,1,2,0,94,2,43,0,1,0,3,1
34,1,4,1,1,2,0,4,3219,2,3,0,72,2,83,1,0,0,0,3
54,1,6,4,0,2,1,2,12735,1,1,0,51,0,17,1,0,0,3,1
30,0,19,1,2,1,0,1,8025,0,2,0,16,0,31,0,0,0,2,1
31,0,11,4,1,1,2,0,10122,1,0,0,58,2,62,1,0,0,3,1
27,1,19,4,1,1,1,0,9457,3,0,0,22,1,85,0,0,0,1,3
23,1,1,3,1,2,1,1,5741,2,3,0,23,0,46,1,0,0,3,0
35,0,9,4,2,2,0,1,12323,0,0,0,70,1,13,0,0,0,2,1
29,0,4,4,1,3,1,3,6444,3,0,0,10,2,41,0,0,0,2,0
34,1,13,4,1,0,1,4,7739,0,0,1,40,1,26,0,1,1,2,2
45,1,16,3,2,1,1,5,5728,1,3,0,78,2,24,0,0,0,3,2
21,0,1,0,0,0,0,4,4268,2,2,1,54,1,58,1,0,0,2,2
53,0,32,0,2,1,0,5,5077,3,3,0,26,1,73,0,0,0,0,0
37,0,11,4,1,3,1,1,9512,1,0,0,58,2,83,0,0,0,3,1
39,1,3,2,1,0,0,2,6959,1,0,0,12,1,48,0,1,0,0,2
56,1,5,2,2,2,1,1,10748,1,0,0,97,1,7,0,0,0,0,1
43,0,6,0,0,3,1,5,5263,2,3,0,27,1,85,0,0,0,0,0
28,1,18,0,2,2,2,0,5591,2,0,0,32,1,19,0,0,0,1,0
18,1,10,4,0,2,0,0,6339,2,0,0,93,1,57,0,0,0,2,1
27,0,4,4,1,0,0,2,11142,1,3,1,7,1,13,0,0,0,3,2
39,1,1,3,0,2,1,1,5960,1,0,1,85,1,62,0,0,0,1,2
36,1,19,3,1,1,1,1,6499,1,0,1,51,1,77,0,0,0,0,0
35,0,23,2,1,2,0,1,6718,0,0,0,54,0,81,0,0,0,2,1
22,1,9,4,2,1,0,0,11761,0,2,0,45,2,87,0,0,0,2,2
34,0,6,0,0,0,0,3,5035,1,1,0,65,0,30,0,0,0,3,0
59,0,43,3,0,4,0,1,6414,3,0,1,8,1,61,1,0,0,2,2
18,1,9,4,2,0,1,3,8946,1,3,0,74,2,67,0,0,0,2,2
19,1,5,2,1,0,0,4,9167,3,0,0,60,2,36,0,0,1,0,1
22,1,9,2,1,4,0,3,6894,1,0,1,58,1,81,0,0,0,3,2
57,1,43,3,2,0,2,1,5856,2,2,1,12,0,56,0,0,0,2,0
18,1,9,3,2,0,0,1,6642,2,2,1,7,1,48,1,0,0,2,1
37,1,4,4,2,1,1,1,7861,2,2,0,61,0,83,0,0,1,3,2
22,0,8,4,1,3,1,1,8432,1,0,1,65,1,27,0,1,0,2,0
33,0,11,1,0,1,2,0,7710,0,2,1,99,1,39,0,0,1,1,0
53,1,23,4,0,1,1,2,7633,2,3,0,44,1,91,0,0,0,1,3
52,1,24,0,2,0,0,3,4531,3,0,0,8,2,85,0,0,0,2,0
26,1,6,3,2,3,0,3,5327,1,0,1,51,1,79,1,0,0,2,1
42,1,15,3,2,1,0,0,5958,1,3,0,78,0,21,0,0,0,2,1
44,0,13,0,0,0,2,4,4581,2,2,0,15,2,44,0,0,0,2,0
33,0,7,2,1,0,1,1,9028,2,2,0,62,2,44,0,1,0,3,1
40,1,28,0,1,2,0,3,3799,2,3,0,36,0,50,0,0,0,3,2
54,0,46,0,1,0,1,1,4569,2,1,0,67,0,78,0,1,0,3,1
50,1,24,1,2,1,2,0,6081,3,0,1,30,1,93,0,0,0,2,2
34,0,12,0,2,2,0,0,4618,2,0,1,68,0,44,0,0,0,2,1
29,1,11,2,2,0,1,1,7503,2,3,1,42,1,61,0,0,0,3,0
38,0,9,3,1,0,2,1,6148,2,3,0,79,1,28,1,0,0,3,0
38,1,12,3,2,2,1,0,5298,3,0,0,76,1,24,1,0,1,0,1
52,1,42,4,1,3,0,1,8743,2,0,1,88,1,80,0,0,0,1,0
28,1,7,4,1,1,1,4,8452,1,1,1,53,0,21,0,0,0,1,0
33,1,19,3,2,0,0,2,6821,0,1,0,30,2,94,0,0,0,1,1
20,0,3,4,1,0,1,0,10190,1,0,0,81,1,16,0,0,0,2,0
46,0,36,2,2,3,1,0,7164,2,0,0,78,1,55,0,0,0,2,1
26,0,11,3,2,2,1,3,5683,1,1,0,37,1,22,0,0,0,1,1
27,1,2,3,2,1,1,5,5378,0,0,0,1,1,65,0,0,0,2,0
25,0,14,4,2,2,0,0,10751,3,0,1,85,1,88,0,0,0,2,3
18,0,5,3,1,2,1,1,5540,2,0,0,92,1,80,0,0,0,1,1
28,1,9,0,2,0,0,4,4822,3,0,0,52,2,15,1,0,0,3,2
20,0,6,2,1,0,0,2,5970,2,0,1,54,2,27,0,0,0,2,1
56,0,28,0,0,4,1,2,4003,1,3,0,34,1,59,0,0,0,0,2
18,1,2,2,2,1,0,0,8564,1,0,0,60,1,5,0,0,0,0,0
21,0,8,4,1,2,1,1,9947,1,2,0,88,2,22,0,0,0,3,0
30,0,3,1,1,1,0,0,10359,2,0,0,57,1,76,0,0,0,2,2
55,0,44,4,2,1,0,1,8341,1,0,0,7,1,60,0,0,0,2,3
58,0,12,1,1,2,2,0,11055,2,2,0,38,1,80,0,0,0,2,1
31,1,8,4,1,1,0,1,9891,1,2,1,17,1,45,0,0,0,1,0
47,1,22,0,1,2,1,0,5040,1,3,1,7,1,58,1,0,0,2,1
33,1,12,1,1,0,1,3,7977,1,0,1,56,2,16,0,0,0,1,2
20,1,11,4,1,3,1,0,9686,2,0,0,36,1,37,1,0,0,2,1
37,1,28,4,1,0,0,1,10752,2,2,1,69,1,91,0,0,0,2,3
39,0,31,4,1,2,0,0,8939,0,0,0,98,1,55,0,0,0,0,2
20,1,10,0,1,1,1,1,3724,1,0,0,49,1,77,0,0,1,0,1
32,0,24,4,2,2,2,3,8848,2,3,0,61,0,57,0,0,0,2,1
57,1,5,4,1,1,0,1,7162,2,0,0,96,1,36,0,1,1,1,1
39,1,30,4,1,3,2,0,7364,1,0,1,30,2,40,0,0,0,2,2
40,1,4,0,1,2,0,1,4444,2,0,0,89,1,12,0,0,1,1,2
33,0,18,3,0,3,2,3,5782,2,1,0,72,1,30,0,0,0,2,1
35,1,2,4,1,3,2,6,13158,2,0,1,41,0,45,0,0,0,2,3
33,0,18,0,1,3,1,0,4285,1,0,0,15,2,86,0,1,0,3,0
34,1,11,1,1,2,0,1,8680,2,3,0,19,1,34,0,0,0,3,1
36,0,9,2,1,1,0,6,9103,0,0,1,5,2,65,0,0,0,2,1
31,1,1,2,1,1,0,1,7701,1,3,0,88,1,63,0,0,0,2,0
